 ,Area,X,Y
1,0,33.6,7.6
2,0,239.3,4.7
3,0,534.8,10.5
4,0,702.0,3.5
5,0,710.3,7.3
6,0,1014.3,3.9
7,0,1391.0,6.9
8,0,139.1,8.3
9,0,253.8,9.3
10,0,564.5,7.6
11,0,132.1,9.5
12,0,1091.1,8.8
13,0,1419.8,7.2
14,0,387.9,10.9
15,0,786.3,9.3
16,0,366.7,10.5
17,0,747.2,16.4
18,0,603.5,9.5
19,0,641.4,10.4
20,0,1093.7,18.5
21,0,1076.3,12.9
22,0,1414.9,17.2
23,0,580.5,15.9
24,0,1388.8,17.1
25,0,318.8,16.5
26,0,682.0,22.4
27,0,280.5,19.1
28,0,627.3,23.7
29,0,1047.7,21.5
30,0,121.1,22.2
31,0,722.5,17.5
32,0,468.4,19.0
33,0,596.8,23.8
34,0,188.7,24.2
35,0,544.9,20.4
36,0,552.0,19.0
37,0,782.0,23.4
38,0,204.9,24.7
39,0,154.6,23.8
40,0,176.3,27.2
41,0,230.9,23.1
42,0,1313.0,21.3
43,0,742.1,26.3
44,0,1121.5,23.8
45,0,20.4,26.1
46,0,49.2,25.7
47,0,296.4,24.4
48,0,345.8,27.7
49,0,544.5,25.0
50,0,1141.3,25.8
51,0,478.1,28.9
52,0,376.5,26.5
53,0,1045.7,32.1
54,0,282.4,33.3
55,0,402.8,29.6
56,0,1028.5,29.5
57,0,16.1,31.8
58,0,44.4,31.8
59,0,1402.1,34.9
60,0,21.0,31.5
61,0,85.2,34.9
62,0,254.5,35.6
63,0,263.3,38.4
64,0,745.7,39.2
65,0,1384.7,40.2
66,0,628.6,40.7
67,0,548.9,35.4
68,0,701.1,43.4
69,0,1420.9,39.7
70,0,184.9,39.0
71,0,417.5,38.1
72,0,427.5,36.0
73,0,222.1,38.4
74,0,805.2,42.0
75,0,480.2,38.5
76,0,1097.8,41.7
77,0,302.1,39.3
78,0,568.6,40.1
79,0,670.5,38.5
80,0,399.5,40.0
81,0,43.9,46.0
82,0,233.5,44.6
83,0,366.3,48.5
84,0,516.5,45.2
85,0,134.1,42.3
86,0,381.6,48.8
87,0,402.4,43.7
88,0,216.9,45.2
89,0,1093.8,49.2
90,0,135.0,47.4
91,0,461.2,52.5
92,0,716.5,49.8
93,0,1071.8,52.1
94,0,450.4,49.4
95,0,571.1,50.8
96,0,775.8,48.1
97,0,1055.2,52.7
98,0,725.7,50.1
99,0,111.1,54.9
100,0,259.4,52.0
101,0,396.6,51.1
102,0,419.5,52.4
103,0,434.8,53.4
104,0,662.5,59.8
105,0,1279.3,53.5
106,0,770.4,57.5
107,0,6.0,55.7
108,0,20.5,59.3
109,0,71.0,55.0
110,0,48.7,62.5
111,0,74.7,61.0
112,0,257.2,63.0
113,0,561.0,58.0
114,0,631.1,61.6
115,0,281.0,59.5
116,0,1357.8,69.1
117,0,219.6,63.8
118,0,416.6,63.6
119,0,783.7,64.6
120,0,1036.6,71.3
121,0,452.1,68.5
122,0,580.1,70.7
123,0,756.3,67.3
124,0,1087.4,65.6
125,0,1097.0,64.8
126,0,265.8,67.3
127,0,504.0,65.0
128,0,467.3,71.7
129,0,677.1,72.5
130,0,1093.6,67.6
131,0,816.9,70.4
132,0,786.9,69.6
133,0,364.9,74.3
134,0,1084.5,73.6
135,0,395.5,77.9
136,0,421.0,74.7
137,0,611.8,72.9
138,0,95.0,75.5
139,0,226.4,75.8
140,0,601.7,77.8
141,0,252.0,77.2
142,0,655.3,80.1
143,0,708.7,85.7
144,0,41.9,81.5
145,0,789.6,79.3
146,0,615.0,78.5
147,0,223.6,81.6
148,0,616.2,81.2
149,0,1059.6,83.5
150,0,451.1,84.0
151,0,635.7,86.2
152,0,725.2,87.9
153,0,337.8,84.4
154,0,293.9,87.5
155,0,669.1,91.2
156,0,31.4,93.9
157,0,522.0,87.5
158,0,61.8,92.0
159,0,593.4,88.6
160,0,618.4,92.4
161,0,1387.0,91.0
162,0,309.7,93.6
163,0,1419.9,90.7
164,0,273.8,91.6
165,0,653.6,97.5
166,0,352.8,95.3
167,0,444.2,92.5
168,0,1397.3,96.1
169,0,167.7,94.1
170,0,594.6,94.4
171,0,112.2,95.3
172,0,197.3,95.9
173,0,1419.6,96.1
174,0,68.3,96.6
175,0,272.5,95.5
176,0,117.6,99.2
177,0,316.5,99.9
178,0,391.9,97.8
179,0,1409.4,102.4
180,0,287.4,101.3
181,0,1325.5,108.1
182,0,1374.2,102.0
183,0,704.8,103.0
184,0,724.8,104.4
185,0,780.4,108.0
186,0,1148.1,102.7
187,0,226.8,101.8
188,0,296.3,109.2
189,0,544.6,104.9
190,0,602.7,107.1
191,0,1363.7,109.1
192,0,87.8,110.0
193,0,432.0,104.5
194,0,460.2,111.0
195,0,618.5,107.8
196,0,366.9,105.6
197,0,1392.2,110.2
198,0,247.4,109.0
199,0,501.2,107.9
200,0,344.2,113.3
201,0,1163.8,111.4
202,0,960.1,113.9
203,0,228.5,112.5
204,0,481.0,114.8
205,0,324.2,114.8
206,0,446.5,116.5
207,0,649.0,120.0
208,0,1247.3,120.5
209,0,238.0,118.0
210,0,277.5,121.4
211,0,664.6,119.2
212,0,674.5,119.7
213,0,963.0,118.5
214,0,1233.3,120.9
215,0,322.7,119.1
216,0,167.0,120.0
217,0,293.0,123.4
218,0,337.6,124.2
219,0,571.3,124.4
220,0,369.6,123.1
221,0,633.2,126.8
222,0,750.9,124.4
223,0,555.6,125.7
224,0,1128.1,126.0
225,0,526.2,123.8
226,0,211.5,127.8
227,0,403.6,130.4
228,0,935.7,129.8
229,0,1160.5,124.0
230,0,1262.9,125.7
231,0,480.5,128.9
232,0,1175.6,130.5
233,0,461.8,131.5
234,0,596.0,126.0
235,0,443.0,133.4
236,0,978.0,128.0
237,0,1196.7,131.5
238,0,1390.1,129.9
239,0,1402.8,132.1
240,0,722.1,132.2
241,0,366.0,129.5
242,0,504.8,129.6
243,0,686.6,133.3
244,0,756.7,132.8
245,0,1210.3,135.8
246,0,136.4,133.6
247,0,471.7,139.0
248,0,1284.6,134.6
249,0,620.1,138.8
250,0,127.5,135.5
251,0,484.5,136.3
252,0,904.6,142.7
253,0,923.4,140.7
254,0,1116.0,136.5
255,0,1391.5,138.9
256,0,257.5,139.6
257,0,1245.7,136.1
258,0,1010.4,141.1
259,0,1241.0,137.5
260,0,659.5,138.5
261,0,680.3,144.3
262,0,1069.9,142.0
263,0,224.6,142.5
264,0,233.5,140.0
265,0,1065.0,140.0
266,0,1145.9,143.6
267,0,1095.1,141.8
268,0,295.8,146.0
269,0,403.2,148.8
270,0,421.0,142.0
271,0,984.6,151.8
272,0,185.1,145.0
273,0,435.2,144.6
274,0,662.8,145.0
275,0,1163.7,149.2
276,0,360.8,151.2
277,0,635.3,154.4
278,0,698.8,151.3
279,0,479.6,152.0
280,0,528.9,148.6
281,0,605.7,153.3
282,0,287.4,154.1
283,0,572.0,150.5
284,0,493.2,157.4
285,0,1396.8,153.6
286,0,420.5,161.4
287,0,536.2,155.6
288,0,1412.1,162.3
289,0,299.3,159.7
290,0,756.4,160.1
291,0,1040.3,158.6
292,0,467.5,156.8
293,0,531.8,160.6
294,0,1002.0,160.8
295,0,1146.8,161.4
296,0,508.6,159.9
297,0,886.4,164.5
298,0,1093.3,160.8
299,0,563.5,162.6
300,0,894.0,163.8
301,0,209.3,163.9
302,0,514.5,162.2
303,0,1390.8,162.3
304,0,260.1,169.6
305,0,1087.8,167.0
306,0,1037.5,166.0
307,0,651.2,167.2
308,0,732.4,167.6
309,0,758.0,172.7
310,0,989.2,169.7
311,0,209.0,170.0
312,0,1432.8,169.4
313,0,923.0,176.6
314,0,1068.6,173.6
315,0,1429.0,169.5
316,0,664.2,173.0
317,0,853.2,172.5
318,0,1398.2,173.3
319,0,608.2,172.2
320,0,955.2,174.9
321,0,966.5,171.5
322,0,381.6,183.1
323,0,415.7,177.8
324,0,444.6,182.2
325,0,1284.9,178.2
326,0,240.5,175.0
327,0,849.0,176.2
328,0,332.7,181.3
329,0,550.2,175.8
330,0,967.0,180.2
331,0,1008.2,179.5
332,0,950.3,179.8
333,0,1051.7,181.5
334,0,184.8,185.9
335,0,509.8,179.8
336,0,550.2,181.2
337,0,852.5,181.2
338,0,1328.1,181.6
339,0,1392.1,182.6
340,0,462.3,184.2
341,0,627.8,187.7
342,0,1105.1,184.0
343,0,214.2,186.2
344,0,685.5,184.5
345,0,1257.8,186.4
346,0,267.5,186.0
347,0,284.4,191.6
348,0,958.5,191.1
349,0,247.2,187.5
350,0,927.0,194.3
351,0,1081.4,188.8
352,0,594.7,194.1
353,0,1367.7,192.9
354,0,1377.9,193.7
355,0,896.3,198.6
356,0,1124.7,194.3
357,0,735.5,198.6
358,0,1060.8,195.6
359,0,1305.6,194.3
360,0,454.3,195.4
361,0,433.2,199.6
362,0,1143.6,200.9
363,0,469.5,199.3
364,0,967.1,202.0
365,0,1004.8,198.6
366,0,1037.6,199.6
367,0,1089.9,202.2
368,0,237.7,199.3
369,0,912.1,204.6
370,0,163.8,203.6
371,0,335.8,203.8
372,0,629.9,204.6
373,0,209.7,204.5
374,0,297.7,205.6
375,0,1069.8,201.2
376,0,364.5,201.5
377,0,1075.0,204.2
378,0,1108.4,203.4
379,0,1200.0,201.5
380,0,1298.3,204.3
381,0,1277.8,210.1
382,0,1315.5,204.0
383,0,1292.4,208.7
384,0,311.8,206.8
385,0,1303.9,207.7
386,0,163.9,218.8
387,0,424.4,209.8
388,0,1065.6,211.7
389,0,1299.6,209.4
390,0,1083.6,214.2
391,0,1146.9,213.6
392,0,278.3,214.0
393,0,1028.5,215.3
394,0,1164.4,218.5
395,0,1411.2,213.2
396,0,1337.5,214.5
397,0,464.1,218.5
398,0,236.7,223.3
399,0,965.6,221.5
400,0,1410.0,217.5
401,0,1431.6,219.8
402,0,269.9,227.9
403,0,1325.0,221.0
404,0,1418.7,227.2
405,0,331.2,223.8
406,0,1145.0,227.0
407,0,189.0,233.0
408,0,293.9,228.9
409,0,534.2,226.3
410,0,338.4,226.4
411,0,395.3,231.5
412,0,529.2,227.9
413,0,971.1,227.4
414,0,1188.3,228.1
415,0,1360.5,226.0
416,0,455.5,232.1
417,0,471.6,231.1
418,0,131.2,236.0
419,0,308.8,233.4
420,0,348.1,233.3
421,0,1043.6,231.3
422,0,509.3,231.0
423,0,990.3,232.6
424,0,1345.0,230.0
425,0,91.1,246.3
426,0,142.2,236.7
427,0,366.4,240.7
428,0,438.5,234.5
429,0,1406.5,239.3
430,0,1429.4,242.3
431,0,213.8,243.9
432,0,324.2,240.2
433,0,409.6,241.9
434,0,1368.3,237.5
435,0,509.8,238.2
436,0,1134.9,241.7
437,0,1359.5,238.8
438,0,297.9,242.9
439,0,484.9,243.3
440,0,853.8,244.7
441,0,1346.4,242.7
442,0,381.4,244.0
443,0,534.0,245.6
444,0,1011.0,241.0
445,0,1147.6,243.8
446,0,1159.2,242.8
447,0,917.2,245.1
448,0,448.3,246.9
449,0,1103.9,246.0
450,0,1299.3,249.5
451,0,1303.6,246.2
452,0,10.1,251.0
453,0,963.5,252.9
454,0,1268.7,251.4
455,0,1409.8,250.4
456,0,304.1,253.2
457,0,1277.9,250.5
458,0,273.5,255.6
459,0,468.8,252.8
460,0,1334.3,251.8
461,0,1367.2,257.7
462,0,236.7,259.1
463,0,948.2,255.5
464,0,1023.6,261.0
465,0,1390.4,257.6
466,0,980.1,260.5
467,0,1295.1,255.1
468,0,1085.9,256.1
469,0,1051.3,259.0
470,0,1189.6,259.0
471,0,1426.2,265.1
472,0,1130.6,258.8
473,0,1224.2,259.1
474,0,1351.6,258.4
475,0,1409.6,264.4
476,0,1040.3,260.0
477,0,1213.5,259.5
478,0,1397.5,260.5
479,0,257.5,269.1
480,0,459.0,266.1
481,0,309.2,269.8
482,0,1202.3,265.6
483,0,1310.0,263.0
484,0,886.6,271.4
485,0,1347.0,264.0
486,0,124.4,277.4
487,0,425.0,267.3
488,0,1066.2,268.2
489,0,432.9,269.9
490,0,1365.9,268.3
491,0,399.7,272.6
492,0,473.1,272.0
493,0,1381.3,274.3
494,0,378.5,276.6
495,0,1224.7,271.3
496,0,1333.6,270.2
497,0,78.0,284.1
498,0,165.7,279.7
499,0,935.5,271.3
500,0,979.6,274.7
501,0,1243.1,269.8
502,0,1259.7,272.1
503,0,992.9,274.9
504,0,317.9,272.8
505,0,1185.5,274.3
506,0,1399.1,279.0
507,0,1079.8,279.5
508,0,907.9,281.9
509,0,1047.5,273.5
510,0,1021.5,275.0
511,0,1026.5,279.1
512,0,1049.2,280.1
513,0,1211.1,280.6
514,0,1173.2,277.8
515,0,36.7,291.2
516,0,438.8,284.7
517,0,311.4,287.9
518,0,1058.1,281.8
519,0,472.2,286.3
520,0,1235.8,281.6
521,0,1323.5,281.5
522,0,1342.4,283.7
523,0,1409.8,287.6
524,0,1417.2,286.2
525,0,351.1,283.7
526,0,1198.5,285.0
527,0,1101.8,289.8
528,0,1379.3,287.9
529,0,422.2,295.5
530,0,354.3,291.8
531,0,1358.0,294.2
532,0,1246.3,293.0
533,0,386.7,297.1
534,0,1005.3,292.6
535,0,1190.2,298.0
536,0,1170.0,295.2
537,0,1282.5,292.5
538,0,1426.6,294.8
539,0,263.4,297.1
540,0,985.9,301.4
541,0,1205.0,303.6
542,0,1380.1,300.6
543,0,858.9,298.7
544,0,1053.2,300.0
545,0,1259.5,300.6
546,0,1124.3,303.5
547,0,1018.0,303.5
548,0,933.3,306.9
549,0,1151.5,303.4
550,0,1395.1,305.8
551,0,1243.3,304.9
552,0,303.1,310.9
553,0,912.2,305.4
554,0,1254.0,305.0
555,0,1279.1,305.8
556,0,1272.8,305.8
557,0,418.4,311.9
558,0,1302.5,307.0
559,0,917.5,307.5
560,0,1064.5,308.0
561,0,399.8,314.7
562,0,1266.2,313.8
563,0,1118.4,313.7
564,0,993.1,312.2
565,0,1086.2,315.3
566,0,1199.7,317.1
567,0,1404.5,315.6
568,0,1411.6,314.7
569,0,168.3,325.7
570,0,1039.7,317.8
571,0,103.1,321.4
572,0,360.0,320.2
573,0,923.2,317.3
574,0,286.4,319.4
575,0,1094.7,318.1
576,0,1248.7,319.3
577,0,322.6,318.0
578,0,899.5,318.0
579,0,1128.4,323.1
580,0,868.0,322.7
581,0,1150.1,323.3
582,0,1280.3,322.5
583,0,1142.8,324.8
584,0,1385.7,325.8
585,0,310.0,328.7
586,0,1155.7,326.7
587,0,1315.5,326.5
588,0,1430.9,328.9
589,0,840.7,328.9
590,0,1208.4,329.8
591,0,452.3,330.8
592,0,908.3,334.2
593,0,1278.5,335.1
594,0,349.2,336.0
595,0,886.3,334.0
596,0,1192.2,334.1
597,0,985.1,336.3
598,0,1389.4,332.6
599,0,15.4,340.4
600,0,460.1,335.3
601,0,1001.5,336.6
602,0,1170.9,332.9
603,0,1361.8,335.5
604,0,554.5,337.3
605,0,1041.0,333.5
606,0,1235.1,339.5
607,0,540.9,337.5
608,0,565.0,339.1
609,0,1040.2,337.6
610,0,1083.4,336.7
611,0,1404.9,342.7
612,0,1255.1,342.8
613,0,965.6,339.5
614,0,1008.5,338.0
615,0,220.9,348.3
616,0,945.6,341.8
617,0,1100.5,339.0
618,0,1158.0,339.0
619,0,320.2,343.2
620,0,393.0,340.7
621,0,1295.5,339.5
622,0,54.5,350.6
623,0,977.5,342.0
624,0,1217.2,344.9
625,0,71.3,351.4
626,0,1204.9,348.8
627,0,1268.5,348.3
628,0,1343.0,350.4
629,0,1063.8,348.7
630,0,997.7,346.6
631,0,888.2,350.0
632,0,906.4,349.8
633,0,516.1,360.2
634,0,1369.8,351.4
635,0,446.6,357.1
636,0,1021.1,352.4
637,0,1032.0,351.0
638,0,1242.7,357.0
639,0,1421.8,356.8
640,0,959.9,353.8
641,0,291.8,357.0
642,0,953.3,355.3
643,0,981.7,354.7
644,0,1228.0,354.0
645,0,307.2,362.2
646,0,401.9,361.6
647,0,1256.6,361.0
648,0,136.9,368.3
649,0,1320.7,362.5
650,0,755.1,364.1
651,0,1111.1,359.4
652,0,1212.1,362.4
653,0,180.9,372.2
654,0,487.0,362.7
655,0,563.5,363.8
656,0,1065.9,364.4
657,0,996.5,367.0
658,0,1272.8,368.6
659,0,1371.8,364.7
660,0,876.4,367.8
661,0,1336.9,370.7
662,0,1424.0,362.5
663,0,952.6,367.3
664,0,94.0,375.7
665,0,1186.3,371.1
666,0,1356.3,369.6
667,0,797.3,366.3
668,0,1043.6,371.0
669,0,496.1,373.2
670,0,1429.5,366.5
671,0,319.6,376.5
672,0,560.8,376.7
673,0,1242.1,369.9
674,0,535.0,373.6
675,0,1027.5,370.8
676,0,1232.6,369.6
677,0,1416.0,376.4
678,0,862.8,373.9
679,0,972.0,375.5
680,0,351.5,371.5
681,0,1166.8,370.8
682,0,1176.2,373.9
683,0,1285.5,372.8
684,0,262.4,374.8
685,0,1014.9,374.7
686,0,334.8,379.3
687,0,1207.6,379.7
688,0,286.3,382.4
689,0,927.4,377.3
690,0,376.3,378.4
691,0,430.4,382.9
692,0,1245.3,380.4
693,0,881.2,386.8
694,0,633.4,381.9
695,0,839.0,380.5
696,0,1018.0,381.5
697,0,1326.8,384.3
698,0,1225.1,385.6
699,0,21.6,388.9
700,0,1290.8,384.6
701,0,1359.1,389.4
702,0,587.0,390.8
703,0,947.1,384.6
704,0,568.2,390.1
705,0,827.2,384.5
706,0,1275.0,384.6
707,0,1190.2,387.4
708,0,1432.5,385.7
709,0,818.4,388.7
710,0,859.7,390.1
711,0,1028.6,390.1
712,0,1110.3,393.7
713,0,1347.4,394.7
714,0,936.1,389.9
715,0,1052.6,392.2
716,0,1272.3,389.5
717,0,1068.8,391.1
718,0,259.5,394.0
719,0,1039.9,392.7
720,0,1214.5,396.7
721,0,1299.3,395.4
722,0,350.5,396.3
723,0,409.4,395.7
724,0,907.2,396.7
725,0,1391.8,395.3
726,0,1181.1,397.1
727,0,955.9,397.3
728,0,1327.7,400.7
729,0,209.2,406.2
730,0,1087.9,402.1
731,0,1170.0,401.0
732,0,1266.0,404.3
733,0,985.0,399.9
734,0,283.1,406.5
735,0,379.5,403.4
736,0,405.0,403.0
737,0,436.4,402.3
738,0,529.2,401.9
739,0,1425.0,400.0
740,0,266.7,407.1
741,0,757.4,401.9
742,0,577.4,407.0
743,0,826.6,408.6
744,0,972.8,402.7
745,0,1411.5,402.0
746,0,1290.0,406.7
747,0,1372.0,407.8
748,0,1304.0,406.4
749,0,1310.9,409.0
750,0,123.7,412.7
751,0,894.8,411.9
752,0,1357.6,409.7
753,0,1411.2,405.7
754,0,1431.3,406.5
755,0,297.9,414.8
756,0,441.2,410.1
757,0,648.6,409.8
758,0,1094.3,411.2
759,0,1400.8,410.3
760,0,364.9,413.5
761,0,679.8,410.1
762,0,1123.8,413.7
763,0,1189.5,411.4
764,0,933.8,411.3
765,0,1052.5,410.5
766,0,1136.6,412.3
767,0,790.0,414.9
768,0,1342.7,414.1
769,0,1164.1,415.1
770,0,1258.8,417.8
771,0,1329.9,415.3
772,0,61.1,419.9
773,0,1075.5,413.0
774,0,1416.4,416.1
775,0,259.7,416.4
776,0,1278.0,418.8
777,0,345.7,416.0
778,0,352.5,417.5
779,0,1004.8,419.3
780,0,1295.5,420.2
781,0,1319.0,420.5
782,0,1401.1,426.3
783,0,85.0,432.7
784,0,784.9,424.1
785,0,1100.7,423.3
786,0,390.0,425.9
787,0,992.6,422.9
788,0,401.2,424.9
789,0,1330.4,427.9
790,0,1029.7,425.0
791,0,1043.7,423.7
792,0,533.2,428.6
793,0,1247.0,427.6
794,0,1347.9,426.6
795,0,1374.2,423.8
796,0,1421.1,428.8
797,0,411.1,429.0
798,0,648.9,429.8
799,0,1160.5,425.5
800,0,1176.8,425.8
801,0,1164.0,429.0
802,0,148.1,437.8
803,0,323.8,434.9
804,0,704.1,430.8
805,0,857.5,428.5
806,0,1283.9,434.3
807,0,309.6,431.1
808,0,1118.5,432.6
809,0,1101.4,433.2
810,0,1299.1,433.5
811,0,742.4,433.0
812,0,287.6,433.9
813,0,305.3,433.5
814,0,1132.1,434.7
815,0,979.9,436.8
816,0,1023.1,437.2
817,0,1090.4,440.6
818,0,1379.5,438.5
819,0,1119.0,445.9
820,0,1135.2,436.6
821,0,1304.2,435.8
822,0,1363.3,440.5
823,0,194.8,441.5
824,0,373.7,440.2
825,0,1153.5,436.5
826,0,1268.8,444.6
827,0,284.5,438.7
828,0,1210.8,437.8
829,0,836.9,447.6
830,0,856.1,444.6
831,0,409.3,445.2
832,0,1295.3,443.9
833,0,958.0,442.8
834,0,1008.2,441.2
835,0,334.0,445.9
836,0,1186.5,441.5
837,0,1423.0,441.5
838,0,390.9,443.4
839,0,1170.9,449.7
840,0,1070.0,449.8
841,0,1155.3,450.0
842,0,1318.4,446.1
843,0,188.8,452.1
844,0,442.3,448.6
845,0,1357.7,450.0
846,0,1372.6,452.8
847,0,1390.8,450.2
848,0,588.3,450.1
849,0,1044.3,446.8
850,0,1191.3,449.8
851,0,9.9,451.9
852,0,74.4,458.9
853,0,800.0,451.6
854,0,812.8,453.3
855,0,1131.0,456.7
856,0,657.2,453.5
857,0,409.3,455.4
858,0,1011.5,456.2
859,0,1295.9,458.3
860,0,999.9,453.7
861,0,1102.3,454.0
862,0,1342.8,454.0
863,0,255.4,460.6
864,0,617.1,455.7
865,0,267.0,456.5
866,0,596.6,458.9
867,0,1072.7,462.3
868,0,1235.5,456.0
869,0,1280.8,461.5
870,0,103.7,463.3
871,0,947.1,461.0
872,0,1347.4,458.1
873,0,973.9,459.1
874,0,1005.7,466.8
875,0,318.4,460.5
876,0,778.0,464.7
877,0,1055.4,463.5
878,0,1097.2,465.2
879,0,1164.4,463.0
880,0,324.9,462.5
881,0,558.8,467.1
882,0,1401.5,466.4
883,0,270.4,465.3
884,0,544.3,471.3
885,0,1358.3,472.0
886,0,1384.7,469.2
887,0,337.7,468.8
888,0,519.5,464.0
889,0,956.8,467.5
890,0,750.6,466.8
891,0,392.3,472.0
892,0,1248.5,467.0
893,0,938.7,471.2
894,0,1111.9,470.0
895,0,1194.9,468.8
896,0,1318.5,469.0
897,0,629.9,473.1
898,0,1041.2,475.2
899,0,100.0,476.1
900,0,1019.1,473.7
901,0,1295.4,476.5
902,0,15.1,480.8
903,0,506.4,477.8
904,0,1124.7,476.5
905,0,1405.9,475.4
906,0,264.6,477.4
907,0,54.4,482.9
908,0,418.5,478.8
909,0,1145.6,481.9
910,0,252.1,481.0
911,0,407.0,476.5
912,0,660.6,484.2
913,0,1072.1,478.7
914,0,1079.1,482.6
915,0,334.1,481.5
916,0,814.8,482.8
917,0,1160.8,484.7
918,0,1212.1,482.1
919,0,795.2,488.3
920,0,1026.6,479.6
921,0,548.7,482.7
922,0,575.0,489.0
923,0,870.5,480.5
924,0,897.3,485.8
925,0,1109.0,484.0
926,0,1241.6,484.3
927,0,692.1,482.4
928,0,1394.7,483.6
929,0,997.2,482.8
930,0,148.1,495.4
931,0,315.5,488.2
932,0,1282.5,490.6
933,0,924.6,487.2
934,0,1433.5,485.5
935,0,940.8,490.4
936,0,1131.4,488.6
937,0,1403.0,488.6
938,0,493.2,488.5
939,0,1235.1,492.1
940,0,1306.9,488.2
941,0,269.8,490.2
942,0,327.8,495.3
943,0,615.1,492.0
944,0,1333.5,492.0
945,0,1398.5,488.5
946,0,693.0,492.5
947,0,1030.7,494.0
948,0,1180.8,497.1
949,0,1420.7,495.4
950,0,1020.0,493.9
951,0,1127.8,494.3
952,0,558.6,495.6
953,0,751.0,498.6
954,0,770.1,499.4
955,0,1202.0,492.0
956,0,438.0,492.5
957,0,879.4,498.8
958,0,971.6,497.2
959,0,669.1,497.8
960,0,1374.2,499.0
961,0,1406.2,499.6
962,0,413.5,505.5
963,0,956.0,499.1
964,0,1090.3,497.2
965,0,1311.9,496.3
966,0,386.7,504.8
967,0,911.9,501.5
968,0,654.3,506.1
969,0,1297.6,505.9
970,0,525.9,504.1
971,0,892.8,504.4
972,0,924.1,500.5
973,0,679.7,501.6
974,0,997.5,501.4
975,0,1062.9,503.9
976,0,563.6,510.9
977,0,1227.0,508.8
978,0,922.8,506.2
979,0,940.1,511.3
980,0,1338.4,508.9
981,0,289.4,511.7
982,0,711.0,511.8
983,0,962.1,510.6
984,0,1133.5,513.5
985,0,1431.5,515.7
986,0,1011.7,508.8
987,0,632.1,516.7
988,0,681.4,517.4
989,0,813.8,516.6
990,0,1073.0,512.1
991,0,1203.6,513.2
992,0,1354.8,511.4
993,0,467.8,512.4
994,0,613.1,512.6
995,0,1061.3,518.0
996,0,1148.2,518.8
997,0,1415.9,518.5
998,0,457.5,515.0
999,0,1313.1,515.2
1000,0,1370.6,517.2
1001,0,1399.3,519.2
1002,0,702.4,523.6
1003,0,1345.2,517.7
1004,0,576.1,525.1
1005,0,1225.7,526.4
1006,0,1285.5,518.3
1007,0,419.9,522.7
1008,0,839.2,526.8
1009,0,1315.5,519.3
1010,0,339.3,520.0
1011,0,1031.9,522.4
1012,0,536.7,522.0
1013,0,947.3,523.5
1014,0,998.9,525.6
1015,0,1107.0,523.1
1016,0,722.8,528.2
1017,0,795.6,526.1
1018,0,1239.0,528.1
1019,0,398.9,524.6
1020,0,297.8,525.9
1021,0,673.5,529.9
1022,0,612.3,526.6
1023,0,967.5,532.1
1024,0,1134.1,528.5
1025,0,1351.6,530.4
1026,0,764.6,532.0
1027,0,1075.5,529.6
1028,0,468.4,531.6
1029,0,1194.1,529.9
1030,0,1383.5,532.3
1031,0,414.4,530.6
1032,0,446.2,530.5
1033,0,1366.8,531.3
1034,0,269.8,536.2
1035,0,508.2,538.7
1036,0,712.0,538.0
1037,0,386.1,536.5
1038,0,561.4,543.5
1039,0,804.6,538.8
1040,0,1035.6,539.2
1041,0,1093.5,537.0
1042,0,1129.5,538.6
1043,0,644.5,535.3
1044,0,746.0,541.8
1045,0,995.9,536.7
1046,0,1109.7,541.9
1047,0,1420.0,538.6
1048,0,1063.5,538.9
1049,0,1400.0,541.7
1050,0,444.0,536.5
1051,0,1260.0,536.5
1052,0,876.5,541.0
1053,0,1168.8,537.9
1054,0,1321.9,540.1
1055,0,1365.9,539.1
1056,0,329.6,542.2
1057,0,891.6,541.6
1058,0,1214.6,543.1
1059,0,765.6,542.5
1060,0,542.4,542.6
1061,0,1334.5,544.7
1062,0,521.7,544.2
1063,0,693.3,546.4
1064,0,921.9,543.4
1065,0,1368.5,542.5
1066,0,363.2,544.4
1067,0,528.8,544.7
1068,0,1054.8,549.2
1069,0,404.8,548.3
1070,0,605.8,546.2
1071,0,957.8,554.1
1072,0,1091.9,549.5
1073,0,1265.5,545.0
1074,0,226.6,552.0
1075,0,243.6,552.1
1076,0,786.0,555.5
1077,0,1238.6,550.9
1078,0,288.7,550.4
1079,0,484.0,550.8
1080,0,213.2,554.8
1081,0,593.5,552.6
1082,0,718.7,553.8
1083,0,1076.0,556.8
1084,0,1189.9,551.1
1085,0,197.5,554.3
1086,0,608.7,550.2
1087,0,865.4,552.2
1088,0,997.5,548.5
1089,0,1408.2,549.9
1090,0,422.3,558.9
1091,0,1269.2,557.4
1092,0,1371.4,556.0
1093,0,735.2,558.1
1094,0,548.6,554.8
1095,0,846.1,555.6
1096,0,1135.3,554.0
1097,0,1149.8,556.7
1098,0,1160.4,555.7
1099,0,582.7,557.4
1100,0,937.8,556.8
1101,0,1296.8,553.8
1102,0,274.5,560.1
1103,0,385.7,558.3
1104,0,980.2,560.9
1105,0,996.5,555.2
1106,0,1314.2,559.2
1107,0,404.1,560.8
1108,0,1104.4,561.0
1109,0,1253.9,563.5
1110,0,1132.6,560.8
1111,0,257.6,564.4
1112,0,446.5,565.9
1113,0,645.5,560.0
1114,0,1041.2,560.5
1115,0,876.5,568.3
1116,0,1319.1,568.3
1117,0,373.4,573.7
1118,0,1029.4,565.0
1119,0,620.6,565.4
1120,0,1209.3,568.9
1121,0,767.2,568.7
1122,0,1094.6,571.8
1123,0,574.8,573.6
1124,0,646.2,572.3
1125,0,1014.0,575.2
1126,0,1184.4,572.7
1127,0,328.6,574.7
1128,0,984.7,573.4
1129,0,1049.8,572.9
1130,0,305.3,575.4
1131,0,315.2,575.7
1132,0,690.6,574.2
1133,0,704.1,573.4
1134,0,759.9,574.2
1135,0,962.6,572.4
1136,0,824.5,575.7
1137,0,1164.4,572.4
1138,0,1124.3,576.9
1139,0,1275.1,577.7
1140,0,422.5,575.1
1141,0,934.4,573.8
1142,0,1141.5,576.3
1143,0,1296.2,578.3
1144,0,545.2,575.7
1145,0,725.5,579.0
1146,0,1196.6,582.6
1147,0,1404.7,577.0
1148,0,670.4,580.4
1149,0,1236.7,587.3
1150,0,1038.2,584.9
1151,0,1332.3,584.6
1152,0,1366.5,579.8
1153,0,496.0,582.4
1154,0,605.5,578.8
1155,0,398.8,583.8
1156,0,1134.0,583.5
1157,0,1306.3,584.9
1158,0,347.5,580.5
1159,0,426.5,581.2
1160,0,556.7,585.0
1161,0,1179.3,588.4
1162,0,528.0,583.0
1163,0,635.1,591.5
1164,0,740.2,590.5
1165,0,875.6,586.9
1166,0,1024.9,587.3
1167,0,1267.0,593.5
1168,0,232.0,587.8
1169,0,1113.6,589.1
1170,0,458.7,590.9
1171,0,854.2,589.9
1172,0,135.0,592.3
1173,0,761.1,593.7
1174,0,778.8,597.5
1175,0,982.2,591.6
1176,0,1089.8,590.5
1177,0,1152.5,593.6
1178,0,1058.0,595.9
1179,0,1428.4,595.2
1180,0,1134.6,592.9
1181,0,341.3,596.3
1182,0,1000.4,595.3
1183,0,72.7,598.7
1184,0,397.6,593.1
1185,0,1072.2,595.6
1186,0,165.7,595.7
1187,0,301.3,594.7
1188,0,259.3,603.0
1189,0,571.9,595.2
1190,0,1328.3,599.6
1191,0,307.1,596.4
1192,0,349.5,602.4
1193,0,587.3,597.4
1194,0,1042.5,601.9
1195,0,398.9,601.9
1196,0,1025.7,601.6
1197,0,669.5,597.5
1198,0,722.1,602.3
1199,0,373.7,599.3
1200,0,106.1,608.2
1201,0,370.0,601.0
1202,0,418.9,602.1
1203,0,567.5,600.5
1204,0,571.3,601.2
1205,0,1109.3,605.4
1206,0,277.7,601.9
1207,0,1143.8,606.3
1208,0,1294.0,607.7
1209,0,1355.5,609.1
1210,0,1378.3,611.9
1211,0,475.2,607.4
1212,0,1069.8,605.0
1213,0,1086.1,604.9
1214,0,1161.2,609.2
1215,0,46.0,610.8
1216,0,998.7,610.3
1217,0,1252.6,615.5
1218,0,494.5,610.7
1219,0,1410.5,606.2
1220,0,378.4,609.5
1221,0,734.1,609.7
1222,0,1190.1,609.4
1223,0,37.3,612.1
1224,0,643.0,615.4
1225,0,1120.5,612.7
1226,0,952.4,610.2
1227,0,1014.8,613.2
1228,0,1401.0,608.5
1229,0,1407.0,612.0
1230,0,148.6,618.0
1231,0,183.2,613.5
1232,0,354.1,613.8
1233,0,874.5,610.5
1234,0,1030.5,615.4
1235,0,708.5,615.8
1236,0,977.9,615.5
1237,0,290.2,618.5
1238,0,1178.1,619.5
1239,0,438.4,617.4
1240,0,472.0,614.0
1241,0,1229.8,618.0
1242,0,1191.5,614.5
1243,0,136.6,623.4
1244,0,228.7,619.4
1245,0,1105.7,621.7
1246,0,1149.6,623.1
1247,0,22.3,626.6
1248,0,160.3,624.4
1249,0,449.1,627.7
1250,0,1281.6,627.9
1251,0,261.1,623.4
1252,0,1052.8,625.5
1253,0,278.8,632.1
1254,0,619.5,625.0
1255,0,779.5,632.2
1256,0,1133.1,628.4
1257,0,483.4,628.9
1258,0,55.5,625.5
1259,0,706.5,628.2
1260,0,73.0,635.2
1261,0,102.3,635.2
1262,0,312.6,628.2
1263,0,867.2,628.9
1264,0,930.9,629.9
1265,0,963.2,628.7
1266,0,1207.7,630.0
1267,0,61.0,629.0
1268,0,317.1,636.4
1269,0,549.1,633.3
1270,0,1246.2,635.7
1271,0,1030.1,636.3
1272,0,373.3,632.9
1273,0,603.9,633.7
1274,0,1002.2,640.7
1275,0,343.3,636.5
1276,0,990.7,636.6
1277,0,834.3,634.3
1278,0,182.5,635.5
1279,0,358.9,641.9
1280,0,910.8,637.2
1281,0,1105.1,640.7
1282,0,140.0,644.2
1283,0,515.5,641.7
1284,0,764.8,639.3
1285,0,928.5,637.5
1286,0,184.3,641.8
1287,0,244.7,644.6
1288,0,407.8,641.2
1289,0,667.4,643.7
1290,0,645.8,649.0
1291,0,746.5,646.4
1292,0,1202.7,650.1
1293,0,1122.8,648.5
1294,0,179.2,645.2
1295,0,377.9,647.5
1296,0,1243.2,650.7
1297,0,284.6,654.3
1298,0,696.3,650.4
1299,0,41.7,652.7
1300,0,727.5,651.8
1301,0,1068.7,650.7
1302,0,526.8,651.9
1303,0,548.1,649.3
1304,0,683.4,651.7
1305,0,1034.8,652.9
1306,0,338.5,649.6
1307,0,569.2,648.5
1308,0,260.7,650.3
1309,0,436.6,652.8
1310,0,963.5,649.0
1311,0,132.3,654.8
1312,0,507.7,652.4
1313,0,514.8,653.5
1314,0,667.4,651.4
1315,0,117.0,655.6
1316,0,171.4,654.8
1317,0,17.3,663.8
1318,0,260.2,662.4
1319,0,748.7,663.0
1320,0,231.0,664.2
1321,0,570.5,655.5
1322,0,147.2,661.3
1323,0,217.1,661.6
1324,0,717.7,666.0
1325,0,445.6,662.9
1326,0,1171.4,662.6
1327,0,1281.2,668.8
1328,0,205.8,663.7
1329,0,528.8,664.2
1330,0,997.2,667.9
1331,0,380.7,668.8
1332,0,682.5,671.4
1333,0,970.0,666.0
1334,0,1021.1,668.6
1335,0,193.7,672.3
1336,0,468.8,671.9
1337,0,896.0,667.6
1338,0,1066.7,668.5
1339,0,95.0,666.5
1340,0,67.2,675.2
1341,0,89.6,670.0
1342,0,99.5,667.5
1343,0,118.8,674.1
1344,0,289.7,677.4
1345,0,402.8,672.3
1346,0,1047.4,674.2
1347,0,1094.7,675.5
1348,0,1110.1,678.7
1349,0,1128.8,678.5
1350,0,215.3,683.3
1351,0,277.2,678.3
1352,0,427.3,678.3
1353,0,1149.8,683.0
1354,0,172.3,681.1
1355,0,53.1,682.1
1356,0,130.9,683.8
1357,0,725.6,682.4
1358,0,1204.4,684.9
1359,0,488.5,680.3
1360,0,152.7,684.2
1361,0,11.0,688.5
1362,0,44.6,683.7
1363,0,495.3,682.0
1364,0,513.3,684.3
1365,0,280.5,682.5
1366,0,85.5,690.7
1367,0,243.8,690.3
1368,0,638.5,684.5
1369,0,977.4,690.7
1370,0,1250.2,691.3
1371,0,40.9,695.5
1372,0,1006.1,690.7
1373,0,103.3,692.1
1374,0,395.8,691.9
1375,0,55.1,696.7
1376,0,459.2,693.5
1377,0,176.9,696.0
1378,0,528.6,691.4
1379,0,1147.2,695.5
1380,0,288.5,694.2
1381,0,570.7,697.9
1382,0,114.9,697.2
1383,0,262.8,700.3
1384,0,592.9,701.1
1385,0,628.9,697.8
1386,0,636.8,695.8
1387,0,714.9,700.7
1388,0,1050.0,702.4
1389,0,1061.8,702.9
1390,0,189.7,699.7
1391,0,1082.0,704.1
1392,0,124.2,701.3
1393,0,229.5,699.3
1394,0,246.1,703.8
1395,0,562.6,703.2
1396,0,686.2,698.8
1397,0,1032.1,704.3
1398,0,1177.3,700.9
1399,0,25.8,704.3
1400,0,95.8,705.5
1401,0,131.2,705.4
1402,0,237.0,702.1
1403,0,1117.5,706.5
1404,0,487.0,706.0
1405,0,688.0,702.0
1406,0,704.0,708.4
1407,0,631.0,707.6
1408,0,107.6,707.8
1409,0,211.5,707.3
1410,0,286.9,706.1
1411,0,231.4,714.9
1412,0,378.2,707.5
1413,0,1171.9,709.0
1414,0,502.4,712.2
1415,0,535.2,713.3
1416,0,413.7,720.1
1417,0,34.5,718.0
1418,0,152.5,713.5
1419,0,360.8,719.2
1420,0,55.7,717.7
1421,0,209.0,715.2
1422,0,286.8,714.6
1423,0,77.5,714.5
1424,0,98.0,720.1
1425,0,690.4,719.2
1426,0,1030.2,722.7
1427,0,72.7,719.3
1428,0,109.9,724.8
1429,0,305.0,728.3
1430,0,444.2,721.0
1431,0,174.9,720.7
1432,0,732.0,726.2
1433,0,14.7,729.0
1434,0,348.3,727.3
1435,0,668.0,724.1
1436,0,201.1,725.4
1437,0,526.2,733.0
1438,0,332.1,725.8
1439,0,507.6,727.8
1440,0,646.9,729.5
1441,0,390.4,734.5
1442,0,1112.9,730.5
1443,0,552.2,734.0
1444,0,83.3,731.2
1445,0,1055.6,732.2
1446,0,38.1,732.8
1447,0,154.2,728.8
1448,0,92.0,731.2
1449,0,255.8,736.0
1450,0,148.4,732.4
1451,0,639.4,735.2
1452,0,1077.7,737.3
1453,0,52.8,738.1
1454,0,133.8,737.0
1455,0,293.5,739.8
1456,0,127.7,737.3
1457,0,373.8,736.9
1458,0,708.7,745.0
1459,0,150.3,742.9
1460,0,214.9,743.1
1461,0,375.1,743.4
1462,0,434.7,749.8
1463,0,1085.0,741.5
1464,0,108.2,746.5
1465,0,184.3,746.0
1466,0,554.8,746.7
1467,0,676.3,746.6
1468,0,298.6,752.8
1469,0,624.4,747.7
1470,0,123.7,750.0
1471,0,39.0,752.9
1472,0,225.0,749.8
1473,0,323.3,752.9
1474,0,527.6,754.5
1475,0,60.9,752.7
1476,0,364.6,753.6
1477,0,382.2,759.4
1478,0,512.0,750.5
1479,0,312.1,762.3
1480,0,417.9,753.3
1481,0,225.0,755.3
1482,0,112.6,758.3
1483,0,279.4,759.6
1484,0,507.5,754.5
1485,0,554.5,759.5
1486,0,18.9,765.1
1487,0,638.4,763.0
1488,0,120.2,758.6
1489,0,266.7,760.1
1490,0,75.6,760.8
1491,0,436.5,765.1
1492,0,1084.0,764.7
1493,0,49.9,766.0
1494,0,81.5,761.5
1495,0,138.7,761.5
1496,0,98.7,766.2
1497,0,727.9,762.7
1498,0,170.5,772.3
1499,0,593.4,766.8
1500,0,159.2,767.2
1501,0,552.9,771.3
1502,0,70.5,770.9
1503,0,102.5,769.0
1504,0,38.9,774.0
1505,0,157.0,769.5
1506,0,375.0,778.7
1507,0,652.2,773.8
1508,0,86.2,776.2
1509,0,289.7,773.2
1510,0,334.2,778.0
1511,0,361.4,774.6
1512,0,621.5,774.7
1513,0,237.0,772.5
1514,0,450.3,773.1
1515,0,404.7,781.9
1516,0,535.9,775.5
1517,0,544.4,776.5
1518,0,248.7,775.1
1519,0,107.8,778.5
1520,0,683.0,777.0
1521,0,522.5,781.6
1522,0,579.8,783.2
1523,0,50.2,785.4
1524,0,260.9,786.5
1525,0,198.5,781.2
1526,0,36.2,785.9
1527,0,216.5,786.0
1528,0,236.2,790.2
1529,0,305.0,794.3
1530,0,471.8,785.1
1531,0,594.2,785.6
1532,0,72.4,787.7
1533,0,77.5,787.5
1534,0,152.6,797.8
1535,0,614.9,793.3
1536,0,176.5,794.7
1537,0,527.7,788.9
1538,0,17.7,798.5
1539,0,123.8,797.4
1540,0,132.4,795.4
1541,0,494.5,797.7
1542,0,417.1,798.3
1543,0,278.7,801.3
1544,0,716.2,797.1
1545,0,37.3,801.0
1546,0,101.5,797.5
1547,0,220.8,798.9
1548,0,455.8,798.6
1549,0,216.6,802.3
1550,0,61.9,805.6
1551,0,330.8,806.2
1552,0,361.4,803.0
1553,0,311.0,810.4
1554,0,413.4,808.9
1555,0,221.0,804.0
1556,0,576.4,811.5
1557,0,556.3,809.0
1558,0,52.9,808.1
1559,0,124.5,809.4
1560,0,197.7,809.9
1561,0,118.2,815.3
1562,0,46.3,814.1
1563,0,249.1,818.5
1564,0,272.4,812.1
1565,0,609.1,816.8
1566,0,504.4,815.9
1567,0,368.3,821.9
1568,0,232.0,817.7
1569,0,629.3,818.0
1570,0,198.5,816.0
1571,0,348.3,817.9
1572,0,418.4,820.1
1573,0,678.8,829.2
1574,0,189.8,819.4
1575,0,39.0,824.5
1576,0,291.3,828.2
1577,0,554.0,824.4
1578,0,354.7,822.6
1579,0,67.4,829.0
1580,0,112.3,828.2
1581,0,220.6,824.4
1582,0,335.0,822.0
1583,0,588.0,825.3
1584,0,630.1,826.3
1585,0,318.5,826.9
1586,0,703.1,826.8
1587,0,167.7,825.5
1588,0,307.0,828.9
1589,0,413.8,826.2
1590,0,465.3,826.5
1591,0,33.4,833.0
1592,0,583.8,831.8
1593,0,165.2,837.1
1594,0,202.6,834.0
1595,0,549.6,833.1
1596,0,238.9,836.1
1597,0,632.6,837.1
1598,0,562.8,838.3
1599,0,688.9,844.9
1600,0,82.1,842.9
1601,0,233.3,835.4
1602,0,436.7,843.6
1603,0,719.8,841.0
1604,0,86.9,836.7
1605,0,257.2,840.4
1606,0,510.6,845.3
1607,0,139.5,837.5
1608,0,145.6,842.7
1609,0,292.3,846.0
1610,0,607.6,846.2
1611,0,269.7,849.5
1612,0,30.5,846.6
1613,0,45.6,845.2
1614,0,244.0,848.1
1615,0,311.5,851.6
1616,0,662.4,854.9
1617,0,23.1,853.3
1618,0,216.0,846.0
1619,0,488.3,848.0
1620,0,155.6,853.3
1621,0,179.7,849.4
1622,0,566.3,854.3
1623,0,75.9,859.0
1624,0,185.0,855.2
1625,0,219.9,852.9
1626,0,239.0,856.4
1627,0,253.0,856.5
1628,0,334.0,863.4
1629,0,427.3,860.1
1630,0,243.6,855.4
1631,0,261.6,857.3
1632,0,282.7,864.5
1633,0,398.8,866.1
1634,0,630.5,858.5
1635,0,125.8,860.4
1636,0,377.4,861.4
1637,0,1420.6,865.7
1638,0,199.5,861.8
1639,0,94.8,869.4
1640,0,548.3,865.8
1641,0,223.0,862.0
1642,0,625.4,866.1
1643,0,58.9,869.4
1644,0,595.1,863.3
1645,0,447.5,864.5
1646,0,121.4,865.5
1647,0,315.2,869.1
1648,0,319.7,866.9
1649,0,348.5,875.8
1650,0,235.3,872.6
1651,0,208.8,872.9
1652,0,674.5,876.7
1653,0,287.9,874.5
1654,0,378.0,878.3
1655,0,117.6,876.8
1656,0,264.5,876.8
1657,0,587.0,871.5
1658,0,12.1,875.6
1659,0,29.4,883.9
1660,0,76.3,880.3
1661,0,313.6,874.3
1662,0,133.6,881.8
1663,0,457.0,878.3
1664,0,521.7,883.8
1665,0,639.5,883.8
1666,0,448.6,878.9
1667,0,293.7,883.3
1668,0,241.0,880.0
1669,0,186.3,885.7
1670,0,330.0,885.8
1671,0,1346.4,892.5
1672,0,199.9,884.6
1673,0,219.8,887.5
1674,0,432.2,887.8
1675,0,397.0,883.9
1676,0,258.5,886.2
1677,0,270.8,884.2
1678,0,281.6,891.3
1679,0,16.6,889.4
1680,0,553.9,888.8
1681,0,591.1,887.0
1682,0,62.8,892.7
1683,0,314.8,893.5
1684,0,163.1,892.2
1685,0,205.4,891.0
1686,0,346.6,894.7
1687,0,453.0,894.3
1688,0,239.4,895.5
1689,0,295.0,895.0
1690,0,1386.3,896.0
1691,0,181.5,890.5
1692,0,447.4,893.2
1693,0,416.0,897.1
1694,0,25.0,895.5
1695,0,326.5,902.9
1696,0,477.0,901.3
1697,0,172.5,895.5
1698,0,375.9,903.5
1699,0,505.1,898.7
1700,0,1406.3,907.9
1701,0,1378.3,904.5
1702,0,422.9,899.9
1703,0,172.6,901.0
1704,0,93.5,901.0
1705,0,314.3,909.6
1706,0,466.1,904.1
1707,0,72.0,909.6
1708,0,96.5,904.0
1709,0,188.7,905.2
1710,0,198.4,907.8
1711,0,35.7,906.1
1712,0,236.6,910.4
1713,0,85.5,906.5
1714,0,91.4,909.0
1715,0,457.4,910.1
1716,0,1044.5,917.8
1717,0,609.5,908.5
1718,0,1064.6,917.1
1719,0,145.2,914.4
1720,0,263.1,912.8
1721,0,610.3,911.7
1722,0,430.5,912.5
1723,0,182.2,914.2
1724,0,295.5,916.7
1725,0,367.0,920.6
1726,0,618.2,914.5
1727,0,462.9,918.4
1728,0,248.2,919.2
1729,0,413.5,923.7
1730,0,58.5,920.8
1731,0,190.0,923.2
1732,0,154.1,921.7
1733,0,266.2,920.0
1734,0,177.7,922.4
1735,0,253.5,921.0
1736,0,336.1,927.0
1737,0,375.8,928.5
1738,0,11.5,925.5
1739,0,267.6,929.0
1740,0,192.6,930.9
1741,0,236.4,930.5
1742,78,33.6,7.6
1743,58,239.3,4.7
1744,169,534.8,10.5
1745,10,702.0,3.5
1746,45,710.3,7.3
1747,5,1014.3,3.9
1748,47,1391.0,6.9
1749,35,139.1,8.3
1750,52,253.8,9.3
1751,40,564.5,7.6
1752,47,132.1,9.5
1753,22,1091.1,8.8
1754,3,1419.8,7.2
1755,31,387.9,10.9
1756,17,786.3,9.3
1757,23,366.7,10.5
1758,205,747.2,16.4
1759,1,603.5,9.5
1760,14,641.4,10.4
1761,103,1093.7,18.5
1762,12,1076.3,12.9
1763,83,1414.9,17.2
1764,44,580.5,15.9
1765,181,1388.8,17.1
1766,45,318.8,16.5
1767,210,682.0,22.4
1768,49,280.5,19.1
1769,194,627.3,23.7
1770,153,1047.7,21.5
1771,81,121.1,22.2
1772,7,722.5,17.5
1773,15,468.4,19.0
1774,190,596.8,23.8
1775,96,188.7,24.2
1776,12,544.9,20.4
1777,4,552.0,19.0
1778,84,782.0,23.4
1779,82,204.9,24.7
1780,19,154.6,23.8
1781,101,176.3,27.2
1782,32,230.9,23.1
1783,10,1313.0,21.3
1784,57,742.1,26.3
1785,7,1121.5,23.8
1786,22,20.4,26.1
1787,30,49.2,25.7
1788,8,296.4,24.4
1789,23,345.8,27.7
1790,2,544.5,25.0
1791,6,1141.3,25.8
1792,76,478.1,28.9
1793,1,376.5,26.5
1794,88,1045.7,32.1
1795,71,282.4,33.3
1796,10,402.8,29.6
1797,7,1028.5,29.5
1798,8,16.1,31.8
1799,19,44.4,31.8
1800,82,1402.1,34.9
1801,2,21.0,31.5
1802,50,85.2,34.9
1803,27,254.5,35.6
1804,76,263.3,38.4
1805,139,745.7,39.2
1806,163,1384.7,40.2
1807,202,628.6,40.7
1808,9,548.9,35.4
1809,268,701.1,43.4
1810,81,1420.9,39.7
1811,60,184.9,39.0
1812,36,417.5,38.1
1813,2,427.5,36.0
1814,36,222.1,38.4
1815,49,805.2,42.0
1816,6,480.2,38.5
1817,94,1097.8,41.7
1818,5,302.1,39.3
1819,15,568.6,40.1
1820,1,670.5,38.5
1821,4,399.5,40.0
1822,102,43.9,46.0
1823,58,233.5,44.6
1824,165,366.3,48.5
1825,41,516.5,45.2
1826,5,134.1,42.3
1827,170,381.6,48.8
1828,21,402.4,43.7
1829,16,216.9,45.2
1830,90,1093.8,49.2
1831,15,135.0,47.4
1832,163,461.2,52.5
1833,78,716.5,49.8
1834,98,1071.8,52.1
1835,15,450.4,49.4
1836,38,571.1,50.8
1837,7,775.8,48.1
1838,99,1055.2,52.7
1839,14,725.7,50.1
1840,78,111.1,54.9
1841,22,259.4,52.0
1842,8,396.6,51.1
1843,21,419.5,52.4
1844,36,434.8,53.4
1845,103,662.5,59.8
1846,10,1279.3,53.5
1847,101,770.4,57.5
1848,13,6.0,55.7
1849,84,20.5,59.3
1850,4,71.0,55.0
1851,110,48.7,62.5
1852,42,74.7,61.0
1853,60,257.2,63.0
1854,4,561.0,58.0
1855,42,631.1,61.6
1856,4,281.0,59.5
1857,184,1357.8,69.1
1858,25,219.6,63.8
1859,36,416.6,63.6
1860,20,783.7,64.6
1861,141,1036.6,71.3
1862,73,452.1,68.5
1863,194,580.1,70.7
1864,35,756.3,67.3
1865,28,1087.4,65.6
1866,12,1097.0,64.8
1867,28,265.8,67.3
1868,4,504.0,65.0
1869,71,467.3,71.7
1870,100,677.1,72.5
1871,9,1093.6,67.6
1872,41,816.9,70.4
1873,11,786.9,69.6
1874,104,364.9,74.3
1875,61,1084.5,73.6
1876,117,395.5,77.9
1877,84,421.0,74.7
1878,12,611.8,72.9
1879,46,95.0,75.5
1880,23,226.4,75.8
1881,26,601.7,77.8
1882,12,252.0,77.2
1883,122,655.3,80.1
1884,203,708.7,85.7
1885,106,41.9,81.5
1886,32,789.6,79.3
1887,2,615.0,78.5
1888,14,223.6,81.6
1889,3,616.2,81.2
1890,36,1059.6,83.5
1891,37,451.1,84.0
1892,44,635.7,86.2
1893,112,725.2,87.9
1894,18,337.8,84.4
1895,23,293.9,87.5
1896,58,669.1,91.2
1897,125,31.4,93.9
1898,4,522.0,87.5
1899,44,61.8,92.0
1900,8,593.4,88.6
1901,77,618.4,92.4
1902,20,1387.0,91.0
1903,65,309.7,93.6
1904,5,1419.9,90.7
1905,12,273.8,91.6
1906,78,653.6,97.5
1907,34,352.8,95.3
1908,8,444.2,92.5
1909,65,1397.3,96.1
1910,11,167.7,94.1
1911,9,594.6,94.4
1912,18,112.2,95.3
1913,23,197.3,95.9
1914,18,1419.6,96.1
1915,16,68.3,96.6
1916,1,272.5,95.5
1917,31,117.6,99.2
1918,43,316.5,99.9
1919,7,391.9,97.8
1920,75,1409.4,102.4
1921,42,287.4,101.3
1922,118,1325.5,108.1
1923,16,1374.2,102.0
1924,41,704.8,103.0
1925,37,724.8,104.4
1926,117,780.4,108.0
1927,29,1148.1,102.7
1928,3,226.8,101.8
1929,137,296.3,109.2
1930,26,544.6,104.9
1931,69,602.7,107.1
1932,163,1363.7,109.1
1933,100,87.8,110.0
1934,10,432.0,104.5
1935,126,460.2,111.0
1936,56,618.5,107.8
1937,9,366.9,105.6
1938,179,1392.2,110.2
1939,65,247.4,109.0
1940,9,501.2,107.9
1941,83,344.2,113.3
1942,12,1163.8,111.4
1943,30,960.1,113.9
1944,1,228.5,112.5
1945,47,481.0,114.8
1946,10,324.2,114.8
1947,54,446.5,116.5
1948,48,649.0,120.0
1949,80,1247.3,120.5
1950,4,238.0,118.0
1951,58,277.5,121.4
1952,9,664.6,119.2
1953,23,674.5,119.7
1954,4,963.0,118.5
1955,45,1233.3,120.9
1956,5,322.7,119.1
1957,4,167.0,120.0
1958,50,293.0,123.4
1959,45,337.6,124.2
1960,67,571.3,124.4
1961,19,369.6,123.1
1962,77,633.2,126.8
1963,87,750.9,124.4
1964,53,555.6,125.7
1965,85,1128.1,126.0
1966,15,526.2,123.8
1967,37,211.5,127.8
1968,177,403.6,130.4
1969,92,935.7,129.8
1970,4,1160.5,124.0
1971,16,1262.9,125.7
1972,33,480.5,128.9
1973,82,1175.6,130.5
1974,141,461.8,131.5
1975,4,596.0,126.0
1976,77,443.0,133.4
1977,11,978.0,128.0
1978,57,1196.7,131.5
1979,48,1390.1,129.9
1980,157,1402.8,132.1
1981,81,722.1,132.2
1982,12,366.0,129.5
1983,7,504.8,129.6
1984,67,686.6,133.3
1985,107,756.7,132.8
1986,51,1210.3,135.8
1987,18,136.4,133.6
1988,88,471.7,139.0
1989,18,1284.6,134.6
1990,83,620.1,138.8
1991,3,127.5,135.5
1992,19,484.5,136.3
1993,221,904.6,142.7
1994,98,923.4,140.7
1995,26,1116.0,136.5
1996,61,1391.5,138.9
1997,50,257.5,139.6
1998,5,1245.7,136.1
1999,32,1010.4,141.1
2000,2,1241.0,137.5
2001,1,659.5,138.5
2002,90,680.3,144.3
2003,39,1069.9,142.0
2004,29,224.6,142.5
2005,2,233.5,140.0
2006,4,1065.0,140.0
2007,90,1145.9,143.6
2008,9,1095.1,141.8
2009,62,295.8,146.0
2010,171,403.2,148.8
2011,4,421.0,142.0
2012,215,984.6,151.8
2013,19,185.1,145.0
2014,14,435.2,144.6
2015,6,662.8,145.0
2016,65,1163.7,149.2
2017,271,360.8,151.2
2018,212,635.3,154.4
2019,108,698.8,151.3
2020,91,479.6,152.0
2021,11,528.9,148.6
2022,125,605.7,153.3
2023,70,287.4,154.1
2024,6,572.0,150.5
2025,83,493.2,157.4
2026,36,1396.8,153.6
2027,177,420.5,161.4
2028,14,536.2,155.6
2029,111,1412.1,162.3
2030,57,299.3,159.7
2031,115,756.4,160.1
2032,19,1040.3,158.6
2033,3,467.5,156.8
2034,27,531.8,160.6
2035,70,1002.0,160.8
2036,77,1146.8,161.4
2037,11,508.6,159.9
2038,59,886.4,164.5
2039,6,1093.3,160.8
2040,28,563.5,162.6
2041,34,894.0,163.8
2042,12,209.3,163.9
2043,4,514.5,162.2
2044,10,1390.8,162.3
2045,82,260.1,169.6
2046,17,1087.8,167.0
2047,6,1037.5,166.0
2048,3,651.2,167.2
2049,12,732.4,167.6
2050,150,758.0,172.7
2051,41,989.2,169.7
2052,12,209.0,170.0
2053,7,1432.8,169.4
2054,163,923.0,176.6
2055,45,1068.6,173.6
2056,2,1429.0,169.5
2057,39,664.2,173.0
2058,17,853.2,172.5
2059,46,1398.2,173.3
2060,3,608.2,172.2
2061,42,955.2,174.9
2062,1,966.5,171.5
2063,273,381.6,183.1
2064,145,415.7,177.8
2065,189,444.6,182.2
2066,84,1284.9,178.2
2067,2,240.5,175.0
2068,14,849.0,176.2
2069,87,332.7,181.3
2070,3,550.2,175.8
2071,60,967.0,180.2
2072,68,1008.2,179.5
2073,18,950.3,179.8
2074,59,1051.7,181.5
2075,217,184.8,185.9
2076,3,509.8,179.8
2077,3,550.2,181.2
2078,4,852.5,181.2
2079,9,1328.1,181.6
2080,22,1392.1,182.6
2081,62,462.3,184.2
2082,96,627.8,187.7
2083,26,1105.1,184.0
2084,83,214.2,186.2
2085,9,685.5,184.5
2086,20,1257.8,186.4
2087,2,267.5,186.0
2088,92,284.4,191.6
2089,92,958.5,191.1
2090,4,247.2,187.5
2091,198,927.0,194.3
2092,15,1081.4,188.8
2093,70,594.7,194.1
2094,53,1367.7,192.9
2095,74,1377.9,193.7
2096,162,896.3,198.6
2097,71,1124.7,194.3
2098,111,735.5,198.6
2099,29,1060.8,195.6
2100,14,1305.6,194.3
2101,21,454.3,195.4
2102,39,433.2,199.6
2103,75,1143.6,200.9
2104,45,469.5,199.3
2105,85,967.1,202.0
2106,21,1004.8,198.6
2107,34,1037.6,199.6
2108,80,1089.9,202.2
2109,18,237.7,199.3
2110,191,912.1,204.6
2111,74,163.8,203.6
2112,60,335.8,203.8
2113,101,629.9,204.6
2114,90,209.7,204.5
2115,87,297.7,205.6
2116,3,1069.8,201.2
2117,1,364.5,201.5
2118,35,1075.0,204.2
2119,16,1108.4,203.4
2120,2,1200.0,201.5
2121,21,1298.3,204.3
2122,145,1277.8,210.1
2123,6,1315.5,204.0
2124,29,1292.4,208.7
2125,3,311.8,206.8
2126,5,1303.9,207.7
2127,325,163.9,218.8
2128,20,424.4,209.8
2129,43,1065.6,211.7
2130,12,1299.6,209.4
2131,51,1083.6,214.2
2132,69,1146.9,213.6
2133,21,278.3,214.0
2134,52,1028.5,215.3
2135,67,1164.4,218.5
2136,3,1411.2,213.2
2137,1,1337.5,214.5
2138,86,464.1,218.5
2139,220,236.7,223.3
2140,28,965.6,221.5
2141,6,1410.0,217.5
2142,32,1431.6,219.8
2143,142,269.9,227.9
2144,23,1325.0,221.0
2145,70,1418.7,227.2
2146,3,331.2,223.8
2147,72,1145.0,227.0
2148,238,189.0,233.0
2149,91,293.9,228.9
2150,15,534.2,226.3
2151,22,338.4,226.4
2152,97,395.3,231.5
2153,22,529.2,227.9
2154,16,971.1,227.4
2155,20,1188.3,228.1
2156,2,1360.5,226.0
2157,79,455.5,232.1
2158,79,471.6,231.1
2159,178,131.2,236.0
2160,76,308.8,233.4
2161,96,348.1,233.3
2162,29,1043.6,231.3
2163,17,509.3,231.0
2164,48,990.3,232.6
2165,4,1345.0,230.0
2166,460,91.1,246.3
2167,39,142.2,236.7
2168,121,366.4,240.7
2169,7,438.5,234.5
2170,124,1406.5,239.3
2171,149,1429.4,242.3
2172,185,213.8,243.9
2173,77,324.2,240.2
2174,190,409.6,241.9
2175,12,1368.3,237.5
2176,3,509.8,238.2
2177,51,1134.9,241.7
2178,23,1359.5,238.8
2179,89,297.9,242.9
2180,76,484.9,243.3
2181,103,853.8,244.7
2182,47,1346.4,242.7
2183,67,381.4,244.0
2184,71,534.0,245.6
2185,4,1011.0,241.0
2186,65,1147.6,243.8
2187,3,1159.2,242.8
2188,18,917.2,245.1
2189,29,448.3,246.9
2190,10,1103.9,246.0
2191,31,1299.3,249.5
2192,9,1303.6,246.2
2193,87,10.1,251.0
2194,205,963.5,252.9
2195,105,1268.7,251.4
2196,99,1409.8,250.4
2197,147,304.1,253.2
2198,21,1277.9,250.5
2199,121,273.5,255.6
2200,84,468.8,252.8
2201,41,1334.3,251.8
2202,109,1367.2,257.7
2203,231,236.7,259.1
2204,73,948.2,255.5
2205,185,1023.6,261.0
2206,95,1390.4,257.6
2207,167,980.1,260.5
2208,10,1295.1,255.1
2209,17,1085.9,256.1
2210,35,1051.3,259.0
2211,50,1189.6,259.0
2212,241,1426.2,265.1
2213,23,1130.6,258.8
2214,24,1224.2,259.1
2215,28,1351.6,258.4
2216,116,1409.6,264.4
2217,15,1040.3,260.0
2218,1,1213.5,259.5
2219,3,1397.5,260.5
2220,232,257.5,269.1
2221,87,459.0,266.1
2222,176,309.2,269.8
2223,45,1202.3,265.6
2224,4,1310.0,263.0
2225,186,886.6,271.4
2226,4,1347.0,264.0
2227,228,124.4,277.4
2228,26,425.0,267.3
2229,66,1066.2,268.2
2230,96,432.9,269.9
2231,51,1365.9,268.3
2232,169,399.7,272.6
2233,85,473.1,272.0
2234,146,1381.3,274.3
2235,124,378.5,276.6
2236,55,1224.7,271.3
2237,18,1333.6,270.2
2238,587,78.0,284.1
2239,403,165.7,279.7
2240,49,935.5,271.3
2241,164,979.6,274.7
2242,7,1243.1,269.8
2243,41,1259.7,272.1
2244,68,992.9,274.9
2245,14,317.9,272.8
2246,23,1185.5,274.3
2247,116,1399.1,279.0
2248,126,1079.8,279.5
2249,155,907.9,281.9
2250,1,1047.5,273.5
2251,2,1021.5,275.0
2252,38,1026.5,279.1
2253,34,1049.2,280.1
2254,59,1211.1,280.6
2255,20,1173.2,277.8
2256,442,36.7,291.2
2257,177,438.8,284.7
2258,201,311.4,287.9
2259,28,1058.1,281.8
2260,164,472.2,286.3
2261,14,1235.8,281.6
2262,17,1323.5,281.5
2263,52,1342.4,283.7
2264,67,1409.8,287.6
2265,53,1417.2,286.2
2266,5,351.1,283.7
2267,30,1198.5,285.0
2268,115,1101.8,289.8
2269,5,1379.3,287.9
2270,124,422.2,295.5
2271,28,354.3,291.8
2272,61,1358.0,294.2
2273,22,1246.3,293.0
2274,153,386.7,297.1
2275,47,1005.3,292.6
2276,146,1190.2,298.0
2277,32,1170.0,295.2
2278,1,1282.5,292.5
2279,14,1426.6,294.8
2280,9,263.4,297.1
2281,130,985.9,301.4
2282,140,1205.0,303.6
2283,50,1380.1,300.6
2284,13,858.9,298.7
2285,20,1053.2,300.0
2286,20,1259.5,300.6
2287,48,1124.3,303.5
2288,33,1018.0,303.5
2289,61,933.3,306.9
2290,23,1151.5,303.4
2291,41,1395.1,305.8
2292,5,1243.3,304.9
2293,90,303.1,310.9
2294,15,912.2,305.4
2295,4,1254.0,305.0
2296,14,1279.1,305.8
2297,3,1272.8,305.8
2298,74,418.4,311.9
2299,2,1302.5,307.0
2300,1,917.5,307.5
2301,2,1064.5,308.0
2302,77,399.8,314.7
2303,40,1266.2,313.8
2304,53,1118.4,313.7
2305,8,993.1,312.2
2306,39,1086.2,315.3
2307,125,1199.7,317.1
2308,40,1404.5,315.6
2309,44,1411.6,314.7
2310,478,168.3,325.7
2311,48,1039.7,317.8
2312,325,103.1,321.4
2313,166,360.0,320.2
2314,67,923.2,317.3
2315,99,286.4,319.4
2316,54,1094.7,318.1
2317,105,1248.7,319.3
2318,50,322.6,318.0
2319,8,899.5,318.0
2320,102,1128.4,323.1
2321,55,868.0,322.7
2322,66,1150.1,323.3
2323,25,1280.3,322.5
2324,12,1142.8,324.8
2325,39,1385.7,325.8
2326,92,310.0,328.7
2327,5,1155.7,326.7
2328,1,1315.5,326.5
2329,44,1430.9,328.9
2330,13,840.7,328.9
2331,19,1208.4,329.8
2332,26,452.3,330.8
2333,83,908.3,334.2
2334,132,1278.5,335.1
2335,206,349.2,336.0
2336,83,886.3,334.0
2337,55,1192.2,334.1
2338,54,985.1,336.3
2339,15,1389.4,332.6
2340,168,15.4,340.4
2341,45,460.1,335.3
2342,47,1001.5,336.6
2343,15,1170.9,332.9
2344,62,1361.8,335.5
2345,125,554.5,337.3
2346,2,1041.0,333.5
2347,117,1235.1,339.5
2348,75,540.9,337.5
2349,23,565.0,339.1
2350,13,1040.2,337.6
2351,9,1083.4,336.7
2352,84,1404.9,342.7
2353,126,1255.1,342.8
2354,22,965.6,339.5
2355,2,1008.5,338.0
2356,415,220.9,348.3
2357,80,945.6,341.8
2358,6,1100.5,339.0
2359,4,1158.0,339.0
2360,92,320.2,343.2
2361,15,393.0,340.7
2362,1,1295.5,339.5
2363,131,54.5,350.6
2364,2,977.5,342.0
2365,34,1217.2,344.9
2366,144,71.3,351.4
2367,108,1204.9,348.8
2368,125,1268.5,348.3
2369,134,1343.0,350.4
2370,32,1063.8,348.7
2371,18,997.7,346.6
2372,80,888.2,350.0
2373,40,906.4,349.8
2374,271,516.1,360.2
2375,67,1369.8,351.4
2376,98,446.6,357.1
2377,18,1021.1,352.4
2378,4,1032.0,351.0
2379,118,1242.7,357.0
2380,51,1421.8,356.8
2381,14,959.9,353.8
2382,31,291.8,357.0
2383,13,953.3,355.3
2384,13,981.7,354.7
2385,4,1228.0,354.0
2386,183,307.2,362.2
2387,179,401.9,361.6
2388,124,1256.6,361.0
2389,434,136.9,368.3
2390,101,1320.7,362.5
2391,154,755.1,364.1
2392,17,1111.1,359.4
2393,77,1212.1,362.4
2394,285,180.9,372.2
2395,29,487.0,362.7
2396,35,563.5,363.8
2397,85,1065.9,364.4
2398,87,996.5,367.0
2399,128,1272.8,368.6
2400,26,1371.8,364.7
2401,85,876.4,367.8
2402,124,1336.9,370.7
2403,2,1424.0,362.5
2404,42,952.6,367.3
2405,415,94.0,375.7
2406,124,1186.3,371.1
2407,63,1356.3,369.6
2408,6,797.3,366.3
2409,85,1043.6,371.0
2410,67,496.1,373.2
2411,1,1429.5,366.5
2412,219,319.6,376.5
2413,128,560.8,376.7
2414,24,1242.1,369.9
2415,59,535.0,373.6
2416,37,1027.5,370.8
2417,8,1232.6,369.6
2418,175,1416.0,376.4
2419,85,862.8,373.9
2420,158,972.0,375.5
2421,5,351.5,371.5
2422,3,1166.8,370.8
2423,33,1176.2,373.9
2424,23,1285.5,372.8
2425,49,262.4,374.8
2426,38,1014.9,374.7
2427,67,334.8,379.3
2428,80,1207.6,379.7
2429,188,286.3,382.4
2430,15,927.4,377.3
2431,25,376.3,378.4
2432,58,430.4,382.9
2433,45,1245.3,380.4
2434,187,881.2,386.8
2435,24,633.4,381.9
2436,4,839.0,380.5
2437,16,1018.0,381.5
2438,52,1326.8,384.3
2439,81,1225.1,385.6
2440,222,21.6,388.9
2441,52,1290.8,384.6
2442,161,1359.1,389.4
2443,237,587.0,390.8
2444,22,947.1,384.6
2445,147,568.2,390.1
2446,7,827.2,384.5
2447,8,1275.0,384.6
2448,42,1190.2,387.4
2449,6,1432.5,385.7
2450,48,818.4,388.7
2451,122,859.7,390.1
2452,57,1028.6,390.1
2453,86,1110.3,393.7
2454,141,1347.4,394.7
2455,13,936.1,389.9
2456,90,1052.6,392.2
2457,10,1272.3,389.5
2458,7,1068.8,391.1
2459,70,259.5,394.0
2460,34,1039.9,392.7
2461,120,1214.5,396.7
2462,46,1299.3,395.4
2463,42,350.5,396.3
2464,50,409.4,395.7
2465,58,907.2,396.7
2466,24,1391.8,395.3
2467,24,1181.1,397.1
2468,5,955.9,397.3
2469,58,1327.7,400.7
2470,307,209.2,406.2
2471,71,1087.9,402.1
2472,65,1170.0,401.0
2473,130,1266.0,404.3
2474,11,985.0,399.9
2475,99,283.1,406.5
2476,88,379.5,403.4
2477,48,405.0,403.0
2478,35,436.4,402.3
2479,20,529.2,401.9
2480,4,1425.0,400.0
2481,103,266.7,407.1
2482,17,757.4,401.9
2483,164,577.4,407.0
2484,182,826.6,408.6
2485,6,972.8,402.7
2486,2,1411.5,402.0
2487,50,1290.0,406.7
2488,48,1372.0,407.8
2489,23,1304.0,406.4
2490,81,1310.9,409.0
2491,265,123.7,412.7
2492,197,894.8,411.9
2493,64,1357.6,409.7
2494,6,1411.2,405.7
2495,25,1431.3,406.5
2496,207,297.9,414.8
2497,39,441.2,410.1
2498,70,648.6,409.8
2499,46,1094.3,411.2
2500,46,1400.8,410.3
2501,199,364.9,413.5
2502,32,679.8,410.1
2503,84,1123.8,413.7
2504,27,1189.5,411.4
2505,16,933.8,411.3
2506,3,1052.5,410.5
2507,25,1136.6,412.3
2508,80,790.0,414.9
2509,59,1342.7,414.1
2510,57,1164.1,415.1
2511,142,1258.8,417.8
2512,65,1329.9,415.3
2513,196,61.1,419.9
2514,6,1075.5,413.0
2515,84,1416.4,416.1
2516,14,259.7,416.4
2517,136,1278.0,418.8
2518,13,345.7,416.0
2519,1,352.5,417.5
2520,18,1004.8,419.3
2521,55,1295.5,420.2
2522,43,1319.0,420.5
2523,195,1401.1,426.3
2524,369,85.0,432.7
2525,60,784.9,424.1
2526,81,1100.7,423.3
2527,107,390.0,425.9
2528,17,992.6,422.9
2529,54,401.2,424.9
2530,155,1330.4,427.9
2531,36,1029.7,425.0
2532,6,1043.7,423.7
2533,73,533.2,428.6
2534,36,1247.0,427.6
2535,34,1347.9,426.6
2536,3,1374.2,423.8
2537,69,1421.1,428.8
2538,57,411.1,429.0
2539,65,648.9,429.8
2540,1,1160.5,425.5
2541,3,1176.8,425.8
2542,8,1164.0,429.0
2543,267,148.1,437.8
2544,82,323.8,434.9
2545,45,704.1,430.8
2546,1,857.5,428.5
2547,105,1283.9,434.3
2548,7,309.6,431.1
2549,30,1118.5,432.6
2550,45,1101.4,433.2
2551,29,1299.1,433.5
2552,17,742.4,433.0
2553,7,287.6,433.9
2554,5,305.3,433.5
2555,5,1132.1,434.7
2556,35,979.9,436.8
2557,16,1023.1,437.2
2558,110,1090.4,440.6
2559,75,1379.5,438.5
2560,201,1119.0,445.9
2561,8,1135.2,436.6
2562,3,1304.2,435.8
2563,83,1363.3,440.5
2564,107,194.8,441.5
2565,18,373.7,440.2
2566,1,1153.5,436.5
2567,146,1268.8,444.6
2568,10,284.5,438.7
2569,3,1210.8,437.8
2570,214,836.9,447.6
2571,150,856.1,444.6
2572,117,409.3,445.2
2573,69,1295.3,443.9
2574,15,958.0,442.8
2575,3,1008.2,441.2
2576,37,334.0,445.9
2577,1,1186.5,441.5
2578,2,1423.0,441.5
2579,7,390.9,443.4
2580,163,1170.9,449.7
2581,87,1070.0,449.8
2582,152,1155.3,450.0
2583,46,1318.4,446.1
2584,145,188.8,452.1
2585,86,442.3,448.6
2586,83,1357.7,450.0
2587,180,1372.6,452.8
2588,78,1390.8,450.2
2589,130,588.3,450.1
2590,11,1044.3,446.8
2591,31,1191.3,449.8
2592,43,9.9,451.9
2593,197,74.4,458.9
2594,30,800.0,451.6
2595,98,812.8,453.3
2596,150,1131.0,456.7
2597,46,657.2,453.5
2598,57,409.3,455.4
2599,82,1011.5,456.2
2600,130,1295.9,458.3
2601,5,999.9,453.7
2602,25,1102.3,454.0
2603,10,1342.8,454.0
2604,97,255.4,460.6
2605,5,617.1,455.7
2606,10,267.0,456.5
2607,46,596.6,458.9
2608,140,1072.7,462.3
2609,2,1235.5,456.0
2610,159,1280.8,461.5
2611,225,103.7,463.3
2612,61,947.1,461.0
2613,7,1347.4,458.1
2614,13,973.9,459.1
2615,102,1005.7,466.8
2616,14,318.4,460.5
2617,191,778.0,464.7
2618,106,1055.4,463.5
2619,131,1097.2,465.2
2620,89,1164.4,463.0
2621,22,324.9,462.5
2622,181,558.8,467.1
2623,108,1401.5,466.4
2624,55,270.4,465.3
2625,131,544.3,471.3
2626,385,1358.3,472.0
2627,167,1384.7,469.2
2628,91,337.7,468.8
2629,2,519.5,464.0
2630,42,956.8,467.5
2631,23,750.6,466.8
2632,139,392.3,472.0
2633,4,1248.5,467.0
2634,21,938.7,471.2
2635,57,1111.9,470.0
2636,21,1194.9,468.8
2637,8,1318.5,469.0
2638,32,629.9,473.1
2639,173,1041.2,475.2
2640,171,100.0,476.1
2641,35,1019.1,473.7
2642,125,1295.4,476.5
2643,166,15.1,480.8
2644,52,506.4,477.8
2645,71,1124.7,476.5
2646,49,1405.9,475.4
2647,100,264.6,477.4
2648,258,54.4,482.9
2649,30,418.5,478.8
2650,91,1145.6,481.9
2651,83,252.1,481.0
2652,6,407.0,476.5
2653,186,660.6,484.2
2654,47,1072.1,478.7
2655,74,1079.1,482.6
2656,47,334.1,481.5
2657,151,814.8,482.8
2658,157,1160.8,484.7
2659,122,1212.1,482.1
2660,209,795.2,488.3
2661,8,1026.6,479.6
2662,86,548.7,482.7
2663,165,575.0,489.0
2664,1,870.5,480.5
2665,64,897.3,485.8
2666,99,1109.0,484.0
2667,56,1241.6,484.3
2668,8,692.1,482.4
2669,41,1394.7,483.6
2670,3,997.2,482.8
2671,495,148.1,495.4
2672,56,315.5,488.2
2673,175,1282.5,490.6
2674,36,924.6,487.2
2675,9,1433.5,485.5
2676,77,940.8,490.4
2677,44,1131.4,488.6
2678,29,1403.0,488.6
2679,23,493.2,488.5
2680,97,1235.1,492.1
2681,14,1306.9,488.2
2682,47,269.8,490.2
2683,174,327.8,495.3
2684,83,615.1,492.0
2685,61,1333.5,492.0
2686,1,1398.5,488.5
2687,46,693.0,492.5
2688,53,1030.7,494.0
2689,170,1180.8,497.1
2690,72,1420.7,495.4
2691,17,1020.0,493.9
2692,48,1127.8,494.3
2693,77,558.6,495.6
2694,207,751.0,498.6
2695,218,770.1,499.4
2696,4,1202.0,492.0
2697,2,438.0,492.5
2698,98,879.4,498.8
2699,52,971.6,497.2
2700,72,669.1,497.8
2701,163,1374.2,499.0
2702,74,1406.2,499.6
2703,211,413.5,505.5
2704,72,956.0,499.1
2705,18,1090.3,497.2
2706,5,1311.9,496.3
2707,204,386.7,504.8
2708,66,911.9,501.5
2709,175,654.3,506.1
2710,198,1297.6,505.9
2711,216,525.9,504.1
2712,99,892.8,504.4
2713,13,924.1,500.5
2714,17,679.7,501.6
2715,22,997.5,501.4
2716,43,1062.9,503.9
2717,181,563.6,510.9
2718,165,1227.0,508.8
2719,12,922.8,506.2
2720,92,940.1,511.3
2721,16,1338.4,508.9
2722,50,289.4,511.7
2723,75,711.0,511.8
2724,71,962.1,510.6
2725,135,1133.5,513.5
2726,226,1431.5,515.7
2727,6,1011.7,508.8
2728,66,632.1,516.7
2729,121,681.4,517.4
2730,182,813.8,516.6
2731,28,1073.0,512.1
2732,53,1203.6,513.2
2733,22,1354.8,511.4
2734,12,467.8,512.4
2735,14,613.1,512.6
2736,192,1061.3,518.0
2737,145,1148.2,518.8
2738,149,1415.9,518.5
2739,17,457.5,515.0
2740,7,1313.1,515.2
2741,154,1370.6,517.2
2742,88,1399.3,519.2
2743,177,702.4,523.6
2744,32,1345.2,517.7
2745,284,576.1,525.1
2746,210,1225.7,526.4
2747,10,1285.5,518.3
2748,85,419.9,522.7
2749,150,839.2,526.8
2750,19,1315.5,519.3
2751,10,339.3,520.0
2752,89,1031.9,522.4
2753,37,536.7,522.0
2754,91,947.3,523.5
2755,152,998.9,525.6
2756,104,1107.0,523.1
2757,146,722.8,528.2
2758,77,795.6,526.1
2759,146,1239.0,528.1
2760,16,398.9,524.6
2761,27,297.8,525.9
2762,177,673.5,529.9
2763,22,612.3,526.6
2764,191,967.5,532.1
2765,57,1134.1,528.5
2766,97,1351.6,530.4
2767,88,764.6,532.0
2768,45,1075.5,529.6
2769,115,468.4,531.6
2770,58,1194.1,529.9
2771,60,1383.5,532.3
2772,29,414.4,530.6
2773,16,446.2,530.5
2774,53,1366.8,531.3
2775,134,269.8,536.2
2776,91,508.2,538.7
2777,225,712.0,538.0
2778,65,386.1,536.5
2779,211,561.4,543.5
2780,156,804.6,538.8
2781,172,1035.6,539.2
2782,45,1093.5,537.0
2783,99,1129.5,538.6
2784,23,644.5,535.3
2785,176,746.0,541.8
2786,31,995.9,536.7
2787,145,1109.7,541.9
2788,101,1420.0,538.6
2789,60,1063.5,538.9
2790,119,1400.0,541.7
2791,2,444.0,536.5
2792,2,1260.0,536.5
2793,60,876.5,541.0
2794,7,1168.8,537.9
2795,46,1321.9,540.1
2796,16,1365.9,539.1
2797,65,329.6,542.2
2798,39,891.6,541.6
2799,65,1214.6,543.1
2800,47,765.6,542.5
2801,38,542.4,542.6
2802,66,1334.5,544.7
2803,26,521.7,544.2
2804,57,693.3,546.4
2805,7,921.9,543.4
2806,1,1368.5,542.5
2807,7,363.2,544.4
2808,11,528.8,544.7
2809,84,1054.8,549.2
2810,84,404.8,548.3
2811,18,605.8,546.2
2812,218,957.8,554.1
2813,76,1091.9,549.5
2814,2,1265.5,545.0
2815,120,226.6,552.0
2816,87,243.6,552.1
2817,174,786.0,555.5
2818,129,1238.6,550.9
2819,57,288.7,550.4
2820,61,484.0,550.8
2821,103,213.2,554.8
2822,130,593.5,552.6
2823,72,718.7,553.8
2824,370,1076.0,556.8
2825,53,1189.9,551.1
2826,98,197.5,554.3
2827,9,608.7,550.2
2828,40,865.4,552.2
2829,1,997.5,548.5
2830,18,1408.2,549.9
2831,181,422.3,558.9
2832,94,1269.2,557.4
2833,51,1371.4,556.0
2834,76,735.2,558.1
2835,69,548.6,554.8
2836,23,846.1,555.6
2837,20,1135.3,554.0
2838,74,1149.8,556.7
2839,57,1160.4,555.7
2840,37,582.7,557.4
2841,63,937.8,556.8
2842,3,1296.8,553.8
2843,82,274.5,560.1
2844,88,385.7,558.3
2845,95,980.2,560.9
2846,7,996.5,555.2
2847,106,1314.2,559.2
2848,85,404.1,560.8
2849,26,1104.4,561.0
2850,94,1253.9,563.5
2851,26,1132.6,560.8
2852,48,257.6,564.4
2853,149,446.5,565.9
2854,2,645.5,560.0
2855,9,1041.2,560.5
2856,65,876.5,568.3
2857,119,1319.1,568.3
2858,195,373.4,573.7
2859,8,1029.4,565.0
2860,8,620.6,565.4
2861,33,1209.3,568.9
2862,38,767.2,568.7
2863,71,1094.6,571.8
2864,112,574.8,573.6
2865,71,646.2,572.3
2866,219,1014.0,575.2
2867,209,1184.4,572.7
2868,83,328.6,574.7
2869,79,984.7,573.4
2870,47,1049.8,572.9
2871,88,305.3,575.4
2872,86,315.2,575.7
2873,60,690.6,574.2
2874,68,704.1,573.4
2875,56,759.9,574.2
2876,62,962.6,572.4
2877,70,824.5,575.7
2878,37,1164.4,572.4
2879,84,1124.3,576.9
2880,231,1275.1,577.7
2881,35,422.5,575.1
2882,15,934.4,573.8
2883,83,1141.5,576.3
2884,120,1296.2,578.3
2885,21,545.2,575.7
2886,215,725.5,579.0
2887,219,1196.6,582.6
2888,22,1404.7,577.0
2889,69,670.4,580.4
2890,461,1236.7,587.3
2891,98,1038.2,584.9
2892,122,1332.3,584.6
2893,29,1366.5,579.8
2894,60,496.0,582.4
2895,4,605.5,578.8
2896,67,398.8,583.8
2897,76,1134.0,583.5
2898,88,1306.3,584.9
2899,1,347.5,580.5
2900,4,426.5,581.2
2901,81,556.7,585.0
2902,179,1179.3,588.4
2903,4,528.0,583.0
2904,174,635.1,591.5
2905,221,740.2,590.5
2906,56,875.6,586.9
2907,110,1024.9,587.3
2908,243,1267.0,593.5
2909,52,232.0,587.8
2910,105,1113.6,589.1
2911,57,458.7,590.9
2912,64,854.2,589.9
2913,74,135.0,592.3
2914,204,761.1,593.7
2915,206,778.8,597.5
2916,61,982.2,591.6
2917,64,1089.8,590.5
2918,98,1152.5,593.6
2919,111,1058.0,595.9
2920,158,1428.4,595.2
2921,45,1134.6,592.9
2922,81,341.3,596.3
2923,86,1000.4,595.3
2924,224,72.7,598.7
2925,11,397.6,593.1
2926,115,1072.2,595.6
2927,55,165.7,595.7
2928,21,301.3,594.7
2929,217,259.3,603.0
2930,21,571.9,595.2
2931,38,1328.3,599.6
2932,11,307.1,596.4
2933,108,349.5,602.4
2934,9,587.3,597.4
2935,108,1042.5,601.9
2936,53,398.9,601.9
2937,105,1025.7,601.6
2938,1,669.5,597.5
2939,90,722.1,602.3
2940,6,373.7,599.3
2941,246,106.1,608.2
2942,4,370.0,601.0
2943,13,418.9,602.1
2944,1,567.5,600.5
2945,6,571.3,601.2
2946,106,1109.3,605.4
2947,5,277.7,601.9
2948,97,1143.8,606.3
2949,165,1294.0,607.7
2950,146,1355.5,609.1
2951,246,1378.3,611.9
2952,82,475.2,607.4
2953,51,1069.8,605.0
2954,13,1086.1,604.9
2955,105,1161.2,609.2
2956,48,46.0,610.8
2957,87,998.7,610.3
2958,276,1252.6,615.5
2959,62,494.5,610.7
2960,7,1410.5,606.2
2961,65,378.4,609.5
2962,37,734.1,609.7
2963,19,1190.1,609.4
2964,96,37.3,612.1
2965,169,643.0,615.4
2966,84,1120.5,612.7
2967,20,952.4,610.2
2968,107,1014.8,613.2
2969,2,1401.0,608.5
2970,10,1407.0,612.0
2971,111,148.6,618.0
2972,31,183.2,613.5
2973,62,354.1,613.8
2974,1,874.5,610.5
2975,99,1030.5,615.4
2976,88,708.5,615.8
2977,62,977.9,615.5
2978,74,290.2,618.5
2979,85,1178.1,619.5
2980,34,438.4,617.4
2981,4,472.0,614.0
2982,110,1229.8,618.0
2983,1,1191.5,614.5
2984,114,136.6,623.4
2985,39,228.7,619.4
2986,67,1105.7,621.7
2987,115,1149.6,623.1
2988,260,22.3,626.6
2989,80,160.3,624.4
2990,129,449.1,627.7
2991,198,1281.6,627.9
2992,17,261.1,623.4
2993,84,1052.8,625.5
2994,133,278.8,632.1
2995,10,619.5,625.0
2996,308,779.5,632.2
2997,98,1133.1,628.4
2998,84,483.4,628.9
2999,1,55.5,625.5
3000,66,706.5,628.2
3001,159,73.0,635.2
3002,255,102.3,635.2
3003,11,312.6,628.2
3004,31,867.2,628.9
3005,35,930.9,629.9
3006,30,963.2,628.7
3007,65,1207.7,630.0
3008,10,61.0,629.0
3009,68,317.1,636.4
3010,75,549.1,633.3
3011,195,1246.2,635.7
3012,90,1030.1,636.3
3013,39,373.3,632.9
3014,51,603.9,633.7
3015,220,1002.2,640.7
3016,86,343.3,636.5
3017,80,990.7,636.6
3018,6,834.3,634.3
3019,1,182.5,635.5
3020,85,358.9,641.9
3021,12,910.8,637.2
3022,101,1105.1,640.7
3023,112,140.0,644.2
3024,78,515.5,641.7
3025,22,764.8,639.3
3026,1,928.5,637.5
3027,24,184.3,641.8
3028,58,244.7,644.6
3029,3,407.8,641.2
3030,24,667.4,643.7
3031,233,645.8,649.0
3032,100,746.5,646.4
3033,228,1202.7,650.1
3034,115,1122.8,648.5
3035,8,179.2,645.2
3036,81,377.9,647.5
3037,244,1243.2,650.7
3038,208,284.6,654.3
3039,75,696.3,650.4
3040,234,41.7,652.7
3041,100,727.5,651.8
3042,137,1068.7,650.7
3043,56,526.8,651.9
3044,67,548.1,649.3
3045,85,683.4,651.7
3046,107,1034.8,652.9
3047,22,338.5,649.6
3048,7,569.2,648.5
3049,39,260.7,650.3
3050,52,436.6,652.8
3051,2,963.5,649.0
3052,109,132.3,654.8
3053,22,507.7,652.4
3054,31,514.8,653.5
3055,8,667.4,651.4
3056,40,117.0,655.6
3057,15,171.4,654.8
3058,248,17.3,663.8
3059,215,260.2,662.4
3060,246,748.7,663.0
3061,194,231.0,664.2
3062,1,570.5,655.5
3063,49,147.2,661.3
3064,7,217.1,661.6
3065,237,717.7,666.0
3066,39,445.6,662.9
3067,24,1171.4,662.6
3068,260,1281.2,668.8
3069,23,205.8,663.7
3070,20,528.8,664.2
3071,76,997.2,667.9
3072,90,380.7,668.8
3073,148,682.5,671.4
3074,58,970.0,666.0
3075,92,1021.1,668.6
3076,218,193.7,672.3
3077,211,468.8,671.9
3078,47,896.0,667.6
3079,87,1066.7,668.5
3080,2,95.0,666.5
3081,222,67.2,675.2
3082,18,89.6,670.0
3083,1,99.5,667.5
3084,99,118.8,674.1
3085,189,289.7,677.4
3086,22,402.8,672.3
3087,105,1047.4,674.2
3088,97,1094.7,675.5
3089,150,1110.1,678.7
3090,178,1128.8,678.5
3091,214,215.3,683.3
3092,28,277.2,678.3
3093,57,427.3,678.3
3094,132,1149.8,683.0
3095,59,172.3,681.1
3096,75,53.1,682.1
3097,90,130.9,683.8
3098,111,725.6,682.4
3099,216,1204.4,684.9
3100,26,488.5,680.3
3101,78,152.7,684.2
3102,220,11.0,688.5
3103,53,44.6,683.7
3104,13,495.3,682.0
3105,54,513.3,684.3
3106,1,280.5,682.5
3107,87,85.5,690.7
3108,91,243.8,690.3
3109,1,638.5,684.5
3110,99,977.4,690.7
3111,85,1250.2,691.3
3112,205,40.9,695.5
3113,92,1006.1,690.7
3114,85,103.3,692.1
3115,141,395.8,691.9
3116,192,55.1,696.7
3117,88,459.2,693.5
3118,67,176.9,696.0
3119,23,528.6,691.4
3120,102,1147.2,695.5
3121,6,288.5,694.2
3122,97,570.7,697.9
3123,36,114.9,697.2
3124,39,262.8,700.3
3125,149,592.9,701.1
3126,31,628.9,697.8
3127,3,636.8,695.8
3128,122,714.9,700.7
3129,138,1050.0,702.4
3130,106,1061.8,702.9
3131,13,189.7,699.7
3132,95,1082.0,704.1
3133,34,124.2,701.3
3134,24,229.5,699.3
3135,91,246.1,703.8
3136,74,562.6,703.2
3137,3,686.2,698.8
3138,105,1032.1,704.3
3139,19,1177.3,700.9
3140,80,25.8,704.3
3141,83,95.8,705.5
3142,76,131.2,705.4
3143,28,237.0,702.1
3144,59,1117.5,706.5
3145,76,487.0,706.0
3146,4,688.0,702.0
3147,110,704.0,708.4
3148,80,631.0,707.6
3149,101,107.6,707.8
3150,31,211.5,707.3
3151,15,286.9,706.1
3152,99,231.4,714.9
3153,4,378.2,707.5
3154,11,1171.9,709.0
3155,79,502.4,712.2
3156,82,535.2,713.3
3157,199,413.7,720.1
3158,92,34.5,718.0
3159,3,152.5,713.5
3160,181,360.8,719.2
3161,50,55.7,717.7
3162,15,209.0,715.2
3163,8,286.8,714.6
3164,1,77.5,714.5
3165,90,98.0,720.1
3166,78,690.4,719.2
3167,97,1030.2,722.7
3168,33,72.7,719.3
3169,195,109.9,724.8
3170,200,305.0,728.3
3171,51,444.2,721.0
3172,5,174.9,720.7
3173,127,732.0,726.2
3174,181,14.7,729.0
3175,79,348.3,727.3
3176,39,668.0,724.1
3177,39,201.1,725.4
3178,186,526.2,733.0
3179,34,332.1,725.8
3180,93,507.6,727.8
3181,86,646.9,729.5
3182,216,390.4,734.5
3183,96,1112.9,730.5
3184,207,552.2,734.0
3185,83,83.3,731.2
3186,83,1055.6,732.2
3187,90,38.1,732.8
3188,3,154.2,728.8
3189,12,92.0,731.2
3190,137,255.8,736.0
3191,8,148.4,732.4
3192,8,639.4,735.2
3193,39,1077.7,737.3
3194,75,52.8,738.1
3195,15,133.8,737.0
3196,66,293.5,739.8
3197,13,127.7,737.3
3198,19,373.8,736.9
3199,86,708.7,745.0
3200,71,150.3,742.9
3201,38,214.9,743.1
3202,32,375.1,743.4
3203,191,434.7,749.8
3204,10,1085.0,741.5
3205,81,108.2,746.5
3206,39,184.3,746.0
3207,12,554.8,746.7
3208,12,676.3,746.6
3209,80,298.6,752.8
3210,9,624.4,747.7
3211,20,123.7,750.0
3212,52,39.0,752.9
3213,12,225.0,749.8
3214,36,323.3,752.9
3215,99,527.6,754.5
3216,61,60.9,752.7
3217,49,364.6,753.6
3218,221,382.2,759.4
3219,6,512.0,750.5
3220,285,312.1,762.3
3221,36,417.9,753.3
3222,22,225.0,755.3
3223,89,112.6,758.3
3224,71,279.4,759.6
3225,1,507.5,754.5
3226,118,554.5,759.5
3227,202,18.9,765.1
3228,112,638.4,763.0
3229,7,120.2,758.6
3230,16,266.7,760.1
3231,16,75.6,760.8
3232,149,436.5,765.1
3233,97,1084.0,764.7
3234,86,49.9,766.0
3235,3,81.5,761.5
3236,10,138.7,761.5
3237,54,98.7,766.2
3238,10,727.9,762.7
3239,182,170.5,772.3
3240,24,593.4,766.8
3241,3,159.2,767.2
3242,104,552.9,771.3
3243,40,70.5,770.9
3244,2,102.5,769.0
3245,89,38.9,774.0
3246,2,157.0,769.5
3247,205,375.0,778.7
3248,32,652.2,773.8
3249,63,86.2,776.2
3250,15,289.7,773.2
3251,187,334.2,778.0
3252,28,361.4,774.6
3253,59,621.5,774.7
3254,2,237.0,772.5
3255,5,450.3,773.1
3256,214,404.7,781.9
3257,34,535.9,775.5
3258,37,544.4,776.5
3259,5,248.7,775.1
3260,41,107.8,778.5
3261,4,683.0,777.0
3262,81,522.5,781.6
3263,56,579.8,783.2
3264,87,50.2,785.4
3265,186,260.9,786.5
3266,7,198.5,781.2
3267,85,36.2,785.9
3268,110,216.5,786.0
3269,175,236.2,790.2
3270,190,305.0,794.3
3271,7,471.8,785.1
3272,9,594.2,785.6
3273,15,72.4,787.7
3274,1,77.5,787.5
3275,197,152.6,797.8
3276,92,614.9,793.3
3277,170,176.5,794.7
3278,5,527.7,788.9
3279,182,17.7,798.5
3280,50,123.8,797.4
3281,47,132.4,795.4
3282,50,494.5,797.7
3283,30,417.1,798.3
3284,88,278.7,801.3
3285,9,716.2,797.1
3286,88,37.3,801.0
3287,1,101.5,797.5
3288,7,220.8,798.9
3289,8,455.8,798.6
3290,18,216.6,802.3
3291,72,61.9,805.6
3292,183,330.8,806.2
3293,8,361.4,803.0
3294,163,311.0,810.4
3295,96,413.4,808.9
3296,4,221.0,804.0
3297,105,576.4,811.5
3298,73,556.3,809.0
3299,36,52.9,808.1
3300,56,124.5,809.4
3301,22,197.7,809.9
3302,103,118.2,815.3
3303,34,46.3,814.1
3304,143,249.1,818.5
3305,15,272.4,812.1
3306,104,609.1,816.8
3307,90,504.4,815.9
3308,181,368.3,821.9
3309,43,232.0,817.7
3310,38,629.3,818.0
3311,4,198.5,816.0
3312,16,348.3,817.9
3313,32,418.4,820.1
3314,263,678.8,829.2
3315,11,189.8,819.4
3316,72,39.0,824.5
3317,183,291.3,828.2
3318,51,554.0,824.4
3319,11,354.7,822.6
3320,254,67.4,829.0
3321,151,112.3,828.2
3322,54,220.6,824.4
3323,4,335.0,822.0
3324,47,588.0,825.3
3325,71,630.1,826.3
3326,44,318.5,826.9
3327,96,703.1,826.8
3328,5,167.7,825.5
3329,84,307.0,828.9
3330,20,413.8,826.2
3331,5,465.3,826.5
3332,63,33.4,833.0
3333,35,583.8,831.8
3334,169,165.2,837.1
3335,23,202.6,834.0
3336,15,549.6,833.1
3337,32,238.9,836.1
3338,106,632.6,837.1
3339,103,562.8,838.3
3340,243,688.9,844.9
3341,131,82.1,842.9
3342,12,233.3,835.4
3343,214,436.7,843.6
3344,104,719.8,841.0
3345,5,86.9,836.7
3346,106,257.2,840.4
3347,182,510.6,845.3
3348,1,139.5,837.5
3349,59,145.6,842.7
3350,178,292.3,846.0
3351,73,607.6,846.2
3352,172,269.7,849.5
3353,54,30.5,846.6
3354,9,45.6,845.2
3355,48,244.0,848.1
3356,150,311.5,851.6
3357,182,662.4,854.9
3358,110,23.1,853.3
3359,4,216.0,846.0
3360,42,488.3,848.0
3361,200,155.6,853.3
3362,24,179.7,849.4
3363,117,566.3,854.3
3364,186,75.9,859.0
3365,35,185.0,855.2
3366,9,219.9,852.9
3367,39,239.0,856.4
3368,62,253.0,856.5
3369,186,334.0,863.4
3370,206,427.3,860.1
3371,8,243.6,855.4
3372,12,261.6,857.3
3373,144,282.7,864.5
3374,187,398.8,866.1
3375,23,630.5,858.5
3376,18,125.8,860.4
3377,29,377.4,861.4
3378,155,1420.6,865.7
3379,24,199.5,861.8
3380,181,94.8,869.4
3381,92,548.3,865.8
3382,4,223.0,862.0
3383,49,625.4,866.1
3384,158,58.9,869.4
3385,5,595.1,863.3
3386,7,447.5,864.5
3387,17,121.4,865.5
3388,19,315.2,869.1
3389,5,319.7,866.9
3390,197,348.5,875.8
3391,43,235.3,872.6
3392,49,208.8,872.9
3393,234,674.5,876.7
3394,64,287.9,874.5
3395,220,378.0,878.3
3396,157,117.6,876.8
3397,44,264.5,876.8
3398,2,587.0,871.5
3399,34,12.1,875.6
3400,227,29.4,883.9
3401,186,76.3,880.3
3402,10,313.6,874.3
3403,188,133.6,881.8
3404,61,457.0,878.3
3405,229,521.7,883.8
3406,272,639.5,883.8
3407,25,448.6,878.9
3408,100,293.7,883.3
3409,6,241.0,880.0
3410,101,186.3,885.7
3411,157,330.0,885.8
3412,313,1346.4,892.5
3413,50,199.9,884.6
3414,161,219.8,887.5
3415,84,432.2,887.8
3416,11,397.0,883.9
3417,47,258.5,886.2
3418,3,270.8,884.2
3419,160,281.6,891.3
3420,68,16.6,889.4
3421,72,553.9,888.8
3422,11,591.1,887.0
3423,91,62.8,892.7
3424,139,314.8,893.5
3425,126,163.1,892.2
3426,36,205.4,891.0
3427,207,346.6,894.7
3428,46,453.0,894.3
3429,134,239.4,895.5
3430,128,295.0,895.0
3431,130,1386.3,896.0
3432,1,181.5,890.5
3433,9,447.4,893.2
3434,57,416.0,897.1
3435,10,25.0,895.5
3436,156,326.5,902.9
3437,68,477.0,901.3
3438,1,172.5,895.5
3439,165,375.9,903.5
3440,28,505.1,898.7
3441,342,1406.3,907.9
3442,177,1378.3,904.5
3443,21,422.9,899.9
3444,24,172.6,901.0
3445,2,93.5,901.0
3446,190,314.3,909.6
3447,18,466.1,904.1
3448,147,72.0,909.6
3449,2,96.5,904.0
3450,13,188.7,905.2
3451,119,198.4,907.8
3452,5,35.7,906.1
3453,159,236.6,910.4
3454,1,85.5,906.5
3455,42,91.4,909.0
3456,77,457.4,910.1
3457,330,1044.5,917.8
3458,1,609.5,908.5
3459,257,1064.6,917.1
3460,109,145.2,914.4
3461,52,263.1,912.8
3462,6,610.3,911.7
3463,3,430.5,912.5
3464,3,182.2,914.2
3465,36,295.5,916.7
3466,153,367.0,920.6
3467,4,618.2,914.5
3468,79,462.9,918.4
3469,22,248.2,919.2
3470,71,413.5,923.7
3471,64,58.5,920.8
3472,95,190.0,923.2
3473,30,154.1,921.7
3474,30,266.2,920.0
3475,37,177.7,922.4
3476,2,253.5,921.0
3477,198,336.1,927.0
3478,79,375.8,928.5
3479,1,11.5,925.5
3480,24,267.6,929.0
3481,44,192.6,930.9
3482,37,236.4,930.5
3483,78,33.6,7.6
3484,22,20.4,26.1
3485,8,16.1,31.8
3486,19,44.4,31.8
3487,2,21.0,31.5
3488,125,31.4,93.9
3489,87,10.1,251.0
3490,166,15.1,480.8
3491,260,22.3,626.6
3492,220,11.0,688.5
3493,80,25.8,704.3
3494,92,34.5,718.0
3495,52,39.0,752.9
3496,202,18.9,765.1
3497,89,38.9,774.0
3498,182,17.7,798.5
3499,88,37.3,801.0
3500,72,39.0,824.5
3501,63,33.4,833.0
3502,54,30.5,846.6
3503,9,45.6,845.2
3504,110,23.1,853.3
3505,34,12.1,875.6
3506,227,29.4,883.9
3507,68,16.6,889.4
3508,5,35.7,906.1
3509,1,11.5,925.5
3510,50,85.2,34.9
3511,42,74.7,61.0
3512,44,61.8,92.0
3513,16,68.3,96.6
3514,131,54.5,350.6
3515,144,71.3,351.4
3516,196,61.1,419.9
3517,224,72.7,598.7
3518,1,55.5,625.5
3519,159,73.0,635.2
3520,10,61.0,629.0
3521,75,53.1,682.1
3522,87,85.5,690.7
3523,192,55.1,696.7
3524,50,55.7,717.7
3525,1,77.5,714.5
3526,33,72.7,719.3
3527,12,92.0,731.2
3528,61,60.9,752.7
3529,16,75.6,760.8
3530,3,81.5,761.5
3531,40,70.5,770.9
3532,63,86.2,776.2
3533,15,72.4,787.7
3534,1,77.5,787.5
3535,72,61.9,805.6
3536,36,52.9,808.1
3537,5,86.9,836.7
3538,186,75.9,859.0
3539,158,58.9,869.4
3540,186,76.3,880.3
3541,2,93.5,901.0
3542,147,72.0,909.6
3543,1,85.5,906.5
3544,64,58.5,920.8
3545,35,139.1,8.3
3546,47,132.1,9.5
3547,81,121.1,22.2
3548,5,134.1,42.3
3549,15,135.0,47.4
3550,18,112.2,95.3
3551,31,117.6,99.2
3552,18,136.4,133.6
3553,3,127.5,135.5
3554,178,131.2,236.0
3555,265,123.7,412.7
3556,74,135.0,592.3
3557,109,132.3,654.8
3558,40,117.0,655.6
3559,1,99.5,667.5
3560,90,130.9,683.8
3561,85,103.3,692.1
3562,36,114.9,697.2
3563,34,124.2,701.3
3564,76,131.2,705.4
3565,101,107.6,707.8
3566,15,133.8,737.0
3567,13,127.7,737.3
3568,81,108.2,746.5
3569,20,123.7,750.0
3570,89,112.6,758.3
3571,7,120.2,758.6
3572,10,138.7,761.5
3573,2,102.5,769.0
3574,41,107.8,778.5
3575,50,123.8,797.4
3576,47,132.4,795.4
3577,1,101.5,797.5
3578,56,124.5,809.4
3579,103,118.2,815.3
3580,151,112.3,828.2
3581,1,139.5,837.5
3582,18,125.8,860.4
3583,17,121.4,865.5
3584,157,117.6,876.8
3585,19,154.6,23.8
3586,101,176.3,27.2
3587,60,184.9,39.0
3588,11,167.7,94.1
3589,4,167.0,120.0
3590,19,185.1,145.0
3591,74,163.8,203.6
3592,285,180.9,372.2
3593,55,165.7,595.7
3594,80,160.3,624.4
3595,1,182.5,635.5
3596,24,184.3,641.8
3597,8,179.2,645.2
3598,15,171.4,654.8
3599,59,172.3,681.1
3600,78,152.7,684.2
3601,67,176.9,696.0
3602,3,152.5,713.5
3603,5,174.9,720.7
3604,8,148.4,732.4
3605,39,184.3,746.0
3606,182,170.5,772.3
3607,3,159.2,767.2
3608,2,157.0,769.5
3609,170,176.5,794.7
3610,5,167.7,825.5
3611,200,155.6,853.3
3612,24,179.7,849.4
3613,35,185.0,855.2
3614,1,181.5,890.5
3615,24,172.6,901.0
3616,13,188.7,905.2
3617,3,182.2,914.2
3618,30,154.1,921.7
3619,37,177.7,922.4
3620,82,204.9,24.7
3621,32,230.9,23.1
3622,36,222.1,38.4
3623,58,233.5,44.6
3624,16,216.9,45.2
3625,25,219.6,63.8
3626,23,226.4,75.8
3627,14,223.6,81.6
3628,23,197.3,95.9
3629,3,226.8,101.8
3630,4,238.0,118.0
3631,37,211.5,127.8
3632,29,224.6,142.5
3633,2,233.5,140.0
3634,12,209.3,163.9
3635,83,214.2,186.2
3636,90,209.7,204.5
3637,185,213.8,243.9
3638,415,220.9,348.3
3639,307,209.2,406.2
3640,120,226.6,552.0
3641,52,232.0,587.8
3642,7,217.1,661.6
3643,23,205.8,663.7
3644,214,215.3,683.3
3645,24,229.5,699.3
3646,31,211.5,707.3
3647,99,231.4,714.9
3648,15,209.0,715.2
3649,38,214.9,743.1
3650,12,225.0,749.8
3651,22,225.0,755.3
3652,2,237.0,772.5
3653,7,198.5,781.2
3654,7,220.8,798.9
3655,18,216.6,802.3
3656,4,221.0,804.0
3657,22,197.7,809.9
3658,43,232.0,817.7
3659,4,198.5,816.0
3660,54,220.6,824.4
3661,23,202.6,834.0
3662,12,233.3,835.4
3663,4,216.0,846.0
3664,9,219.9,852.9
3665,24,199.5,861.8
3666,4,223.0,862.0
3667,43,235.3,872.6
3668,49,208.8,872.9
3669,50,199.9,884.6
3670,161,219.8,887.5
3671,36,205.4,891.0
3672,52,253.8,9.3
3673,49,280.5,19.1
3674,71,282.4,33.3
3675,27,254.5,35.6
3676,76,263.3,38.4
3677,22,259.4,52.0
3678,60,257.2,63.0
3679,4,281.0,59.5
3680,28,265.8,67.3
3681,12,252.0,77.2
3682,12,273.8,91.6
3683,1,272.5,95.5
3684,58,277.5,121.4
3685,50,257.5,139.6
3686,2,267.5,186.0
3687,4,247.2,187.5
3688,21,278.3,214.0
3689,121,273.5,255.6
3690,232,257.5,269.1
3691,9,263.4,297.1
3692,49,262.4,374.8
3693,99,283.1,406.5
3694,103,266.7,407.1
3695,14,259.7,416.4
3696,10,284.5,438.7
3697,97,255.4,460.6
3698,10,267.0,456.5
3699,55,270.4,465.3
3700,100,264.6,477.4
3701,83,252.1,481.0
3702,47,269.8,490.2
3703,134,269.8,536.2
3704,217,259.3,603.0
3705,5,277.7,601.9
3706,17,261.1,623.4
3707,133,278.8,632.1
3708,39,260.7,650.3
3709,28,277.2,678.3
3710,1,280.5,682.5
3711,39,262.8,700.3
3712,91,246.1,703.8
3713,137,255.8,736.0
3714,71,279.4,759.6
3715,16,266.7,760.1
3716,5,248.7,775.1
3717,88,278.7,801.3
3718,143,249.1,818.5
3719,15,272.4,812.1
3720,172,269.7,849.5
3721,62,253.0,856.5
3722,8,243.6,855.4
3723,12,261.6,857.3
3724,44,264.5,876.8
3725,47,258.5,886.2
3726,3,270.8,884.2
3727,52,263.1,912.8
3728,22,248.2,919.2
3729,30,266.2,920.0
3730,2,253.5,921.0
3731,24,267.6,929.0
3732,45,318.8,16.5
3733,8,296.4,24.4
3734,5,302.1,39.3
3735,23,293.9,87.5
3736,65,309.7,93.6
3737,43,316.5,99.9
3738,10,324.2,114.8
3739,5,322.7,119.1
3740,62,295.8,146.0
3741,57,299.3,159.7
3742,87,297.7,205.6
3743,3,311.8,206.8
3744,76,308.8,233.4
3745,77,324.2,240.2
3746,89,297.9,242.9
3747,147,304.1,253.2
3748,176,309.2,269.8
3749,14,317.9,272.8
3750,90,303.1,310.9
3751,50,322.6,318.0
3752,92,310.0,328.7
3753,92,320.2,343.2
3754,31,291.8,357.0
3755,183,307.2,362.2
3756,219,319.6,376.5
3757,207,297.9,414.8
3758,82,323.8,434.9
3759,7,309.6,431.1
3760,5,305.3,433.5
3761,14,318.4,460.5
3762,22,324.9,462.5
3763,56,315.5,488.2
3764,27,297.8,525.9
3765,83,328.6,574.7
3766,88,305.3,575.4
3767,86,315.2,575.7
3768,21,301.3,594.7
3769,11,307.1,596.4
3770,11,312.6,628.2
3771,68,317.1,636.4
3772,80,298.6,752.8
3773,36,323.3,752.9
3774,285,312.1,762.3
3775,163,311.0,810.4
3776,44,318.5,826.9
3777,84,307.0,828.9
3778,150,311.5,851.6
3779,19,315.2,869.1
3780,5,319.7,866.9
3781,10,313.6,874.3
3782,190,314.3,909.6
3783,36,295.5,916.7
3784,23,366.7,10.5
3785,23,345.8,27.7
3786,1,376.5,26.5
3787,165,366.3,48.5
3788,104,364.9,74.3
3789,34,352.8,95.3
3790,9,366.9,105.6
3791,19,369.6,123.1
3792,12,366.0,129.5
3793,271,360.8,151.2
3794,1,364.5,201.5
3795,96,348.1,233.3
3796,121,366.4,240.7
3797,5,351.1,283.7
3798,28,354.3,291.8
3799,166,360.0,320.2
3800,5,351.5,371.5
3801,25,376.3,378.4
3802,199,364.9,413.5
3803,13,345.7,416.0
3804,1,352.5,417.5
3805,18,373.7,440.2
3806,10,339.3,520.0
3807,7,363.2,544.4
3808,195,373.4,573.7
3809,1,347.5,580.5
3810,81,341.3,596.3
3811,108,349.5,602.4
3812,6,373.7,599.3
3813,4,370.0,601.0
3814,65,378.4,609.5
3815,39,373.3,632.9
3816,86,343.3,636.5
3817,85,358.9,641.9
3818,4,378.2,707.5
3819,181,360.8,719.2
3820,19,373.8,736.9
3821,32,375.1,743.4
3822,49,364.6,753.6
3823,28,361.4,774.6
3824,8,361.4,803.0
3825,181,368.3,821.9
3826,16,348.3,817.9
3827,11,354.7,822.6
3828,29,377.4,861.4
3829,197,348.5,875.8
3830,153,367.0,920.6
3831,79,375.8,928.5
3832,31,387.9,10.9
3833,10,402.8,29.6
3834,36,417.5,38.1
3835,2,427.5,36.0
3836,4,399.5,40.0
3837,21,402.4,43.7
3838,8,396.6,51.1
3839,21,419.5,52.4
3840,36,416.6,63.6
3841,117,395.5,77.9
3842,84,421.0,74.7
3843,7,391.9,97.8
3844,177,403.6,130.4
3845,171,403.2,148.8
3846,4,421.0,142.0
3847,145,415.7,177.8
3848,20,424.4,209.8
3849,97,395.3,231.5
3850,190,409.6,241.9
3851,26,425.0,267.3
3852,169,399.7,272.6
3853,124,422.2,295.5
3854,74,418.4,311.9
3855,77,399.8,314.7
3856,15,393.0,340.7
3857,179,401.9,361.6
3858,48,405.0,403.0
3859,54,401.2,424.9
3860,57,411.1,429.0
3861,7,390.9,443.4
3862,57,409.3,455.4
3863,30,418.5,478.8
3864,6,407.0,476.5
3865,85,419.9,522.7
3866,16,398.9,524.6
3867,29,414.4,530.6
3868,84,404.8,548.3
3869,35,422.5,575.1
3870,67,398.8,583.8
3871,4,426.5,581.2
3872,11,397.6,593.1
3873,53,398.9,601.9
3874,13,418.9,602.1
3875,3,407.8,641.2
3876,141,395.8,691.9
3877,36,417.9,753.3
3878,30,417.1,798.3
3879,96,413.4,808.9
3880,32,418.4,820.1
3881,20,413.8,826.2
3882,187,398.8,866.1
3883,11,397.0,883.9
3884,21,422.9,899.9
3885,71,413.5,923.7
3886,15,468.4,19.0
3887,15,450.4,49.4
3888,73,452.1,68.5
3889,71,467.3,71.7
3890,37,451.1,84.0
3891,8,444.2,92.5
3892,54,446.5,116.5
3893,141,461.8,131.5
3894,77,443.0,133.4
3895,88,471.7,139.0
3896,14,435.2,144.6
3897,3,467.5,156.8
3898,189,444.6,182.2
3899,62,462.3,184.2
3900,21,454.3,195.4
3901,45,469.5,199.3
3902,86,464.1,218.5
3903,79,455.5,232.1
3904,79,471.6,231.1
3905,7,438.5,234.5
3906,29,448.3,246.9
3907,84,468.8,252.8
3908,87,459.0,266.1
3909,85,473.1,272.0
3910,26,452.3,330.8
3911,98,446.6,357.1
3912,39,441.2,410.1
3913,2,438.0,492.5
3914,12,467.8,512.4
3915,17,457.5,515.0
3916,115,468.4,531.6
3917,16,446.2,530.5
3918,2,444.0,536.5
3919,57,458.7,590.9
3920,4,472.0,614.0
3921,129,449.1,627.7
3922,52,436.6,652.8
3923,39,445.6,662.9
3924,88,459.2,693.5
3925,51,444.2,721.0
3926,5,450.3,773.1
3927,8,455.8,798.6
3928,5,465.3,826.5
3929,7,447.5,864.5
3930,61,457.0,878.3
3931,25,448.6,878.9
3932,9,447.4,893.2
3933,18,466.1,904.1
3934,77,457.4,910.1
3935,79,462.9,918.4
3936,41,516.5,45.2
3937,4,504.0,65.0
3938,4,522.0,87.5
3939,9,501.2,107.9
3940,7,504.8,129.6
3941,19,484.5,136.3
3942,83,493.2,157.4
3943,11,508.6,159.9
3944,4,514.5,162.2
3945,3,509.8,179.8
3946,17,509.3,231.0
3947,3,509.8,238.2
3948,271,516.1,360.2
3949,29,487.0,362.7
3950,67,496.1,373.2
3951,2,519.5,464.0
3952,52,506.4,477.8
3953,23,493.2,488.5
3954,91,508.2,538.7
3955,26,521.7,544.2
3956,60,496.0,582.4
3957,78,515.5,641.7
3958,22,507.7,652.4
3959,31,514.8,653.5
3960,26,488.5,680.3
3961,13,495.3,682.0
3962,54,513.3,684.3
3963,76,487.0,706.0
3964,79,502.4,712.2
3965,6,512.0,750.5
3966,1,507.5,754.5
3967,50,494.5,797.7
3968,90,504.4,815.9
3969,42,488.3,848.0
3970,40,564.5,7.6
3971,12,544.9,20.4
3972,4,552.0,19.0
3973,2,544.5,25.0
3974,9,548.9,35.4
3975,15,568.6,40.1
3976,38,571.1,50.8
3977,4,561.0,58.0
3978,26,544.6,104.9
3979,53,555.6,125.7
3980,6,572.0,150.5
3981,14,536.2,155.6
3982,27,531.8,160.6
3983,28,563.5,162.6
3984,3,550.2,175.8
3985,3,550.2,181.2
3986,71,534.0,245.6
3987,35,563.5,363.8
3988,128,560.8,376.7
3989,59,535.0,373.6
3990,181,558.8,467.1
3991,131,544.3,471.3
3992,86,548.7,482.7
3993,77,558.6,495.6
3994,37,536.7,522.0
3995,211,561.4,543.5
3996,38,542.4,542.6
3997,69,548.6,554.8
3998,21,545.2,575.7
3999,81,556.7,585.0
4000,21,571.9,595.2
4001,1,567.5,600.5
4002,6,571.3,601.2
4003,75,549.1,633.3
4004,67,548.1,649.3
4005,7,569.2,648.5
4006,1,570.5,655.5
4007,74,562.6,703.2
4008,82,535.2,713.3
4009,12,554.8,746.7
4010,118,554.5,759.5
4011,104,552.9,771.3
4012,34,535.9,775.5
4013,37,544.4,776.5
4014,73,556.3,809.0
4015,51,554.0,824.4
4016,15,549.6,833.1
4017,117,566.3,854.3
4018,92,548.3,865.8
4019,72,553.9,888.8
4020,1,603.5,9.5
4021,190,596.8,23.8
4022,12,611.8,72.9
4023,26,601.7,77.8
4024,2,615.0,78.5
4025,3,616.2,81.2
4026,8,593.4,88.6
4027,9,594.6,94.4
4028,4,596.0,126.0
4029,125,605.7,153.3
4030,3,608.2,172.2
4031,70,594.7,194.1
4032,5,617.1,455.7
4033,46,596.6,458.9
4034,83,615.1,492.0
4035,14,613.1,512.6
4036,22,612.3,526.6
4037,18,605.8,546.2
4038,130,593.5,552.6
4039,9,608.7,550.2
4040,8,620.6,565.4
4041,4,605.5,578.8
4042,9,587.3,597.4
4043,10,619.5,625.0
4044,51,603.9,633.7
4045,149,592.9,701.1
4046,24,593.4,766.8
4047,92,614.9,793.3
4048,104,609.1,816.8
4049,47,588.0,825.3
4050,35,583.8,831.8
4051,73,607.6,846.2
4052,5,595.1,863.3
4053,2,587.0,871.5
4054,11,591.1,887.0
4055,1,609.5,908.5
4056,6,610.3,911.7
4057,4,618.2,914.5
4058,14,641.4,10.4
4059,1,670.5,38.5
4060,42,631.1,61.6
4061,122,655.3,80.1
4062,44,635.7,86.2
4063,78,653.6,97.5
4064,48,649.0,120.0
4065,9,664.6,119.2
4066,77,633.2,126.8
4067,1,659.5,138.5
4068,6,662.8,145.0
4069,212,635.3,154.4
4070,39,664.2,173.0
4071,24,633.4,381.9
4072,70,648.6,409.8
4073,65,648.9,429.8
4074,46,657.2,453.5
4075,32,629.9,473.1
4076,186,660.6,484.2
4077,66,632.1,516.7
4078,23,644.5,535.3
4079,71,646.2,572.3
4080,174,635.1,591.5
4081,1,669.5,597.5
4082,24,667.4,643.7
4083,233,645.8,649.0
4084,8,667.4,651.4
4085,1,638.5,684.5
4086,31,628.9,697.8
4087,3,636.8,695.8
4088,80,631.0,707.6
4089,8,639.4,735.2
4090,112,638.4,763.0
4091,32,652.2,773.8
4092,38,629.3,818.0
4093,71,630.1,826.3
4094,182,662.4,854.9
4095,23,630.5,858.5
4096,272,639.5,883.8
4097,10,702.0,3.5
4098,45,710.3,7.3
4099,210,682.0,22.4
4100,268,701.1,43.4
4101,203,708.7,85.7
4102,41,704.8,103.0
4103,67,686.6,133.3
4104,90,680.3,144.3
4105,108,698.8,151.3
4106,9,685.5,184.5
4107,32,679.8,410.1
4108,45,704.1,430.8
4109,8,692.1,482.4
4110,46,693.0,492.5
4111,121,681.4,517.4
4112,177,702.4,523.6
4113,57,693.3,546.4
4114,60,690.6,574.2
4115,68,704.1,573.4
4116,66,706.5,628.2
4117,75,696.3,650.4
4118,85,683.4,651.7
4119,3,686.2,698.8
4120,4,688.0,702.0
4121,110,704.0,708.4
4122,78,690.4,719.2
4123,86,708.7,745.0
4124,12,676.3,746.6
4125,4,683.0,777.0
4126,9,716.2,797.1
4127,96,703.1,826.8
4128,205,747.2,16.4
4129,7,722.5,17.5
4130,57,742.1,26.3
4131,139,745.7,39.2
4132,14,725.7,50.1
4133,35,756.3,67.3
4134,37,724.8,104.4
4135,87,750.9,124.4
4136,107,756.7,132.8
4137,115,756.4,160.1
4138,111,735.5,198.6
4139,154,755.1,364.1
4140,17,757.4,401.9
4141,17,742.4,433.0
4142,23,750.6,466.8
4143,176,746.0,541.8
4144,56,759.9,574.2
4145,221,740.2,590.5
4146,37,734.1,609.7
4147,100,746.5,646.4
4148,100,727.5,651.8
4149,10,727.9,762.7
4150,17,786.3,9.3
4151,84,782.0,23.4
4152,49,805.2,42.0
4153,7,775.8,48.1
4154,20,783.7,64.6
4155,11,786.9,69.6
4156,32,789.6,79.3
4157,6,797.3,366.3
4158,80,790.0,414.9
4159,60,784.9,424.1
4160,209,795.2,488.3
4161,77,795.6,526.1
4162,156,804.6,538.8
4163,206,778.8,597.5
4164,17,853.2,172.5
4165,14,849.0,176.2
4166,4,852.5,181.2
4167,103,853.8,244.7
4168,13,858.9,298.7
4169,13,840.7,328.9
4170,4,839.0,380.5
4171,7,827.2,384.5
4172,182,826.6,408.6
4173,1,857.5,428.5
4174,150,839.2,526.8
4175,23,846.1,555.6
4176,70,824.5,575.7
4177,64,854.2,589.9
4178,6,834.3,634.3
4179,34,894.0,163.8
4180,162,896.3,198.6
4181,8,899.5,318.0
4182,55,868.0,322.7
4183,80,888.2,350.0
4184,40,906.4,349.8
4185,85,876.4,367.8
4186,197,894.8,411.9
4187,1,870.5,480.5
4188,64,897.3,485.8
4189,60,876.5,541.0
4190,39,891.6,541.6
4191,65,876.5,568.3
4192,56,875.6,586.9
4193,1,874.5,610.5
4194,47,896.0,667.6
4195,92,935.7,129.8
4196,98,923.4,140.7
4197,163,923.0,176.6
4198,42,955.2,174.9
4199,18,950.3,179.8
4200,198,927.0,194.3
4201,18,917.2,245.1
4202,73,948.2,255.5
4203,49,935.5,271.3
4204,61,933.3,306.9
4205,1,917.5,307.5
4206,67,923.2,317.3
4207,80,945.6,341.8
4208,13,953.3,355.3
4209,42,952.6,367.3
4210,15,927.4,377.3
4211,22,947.1,384.6
4212,5,955.9,397.3
4213,16,933.8,411.3
4214,61,947.1,461.0
4215,21,938.7,471.2
4216,36,924.6,487.2
4217,77,940.8,490.4
4218,13,924.1,500.5
4219,92,940.1,511.3
4220,91,947.3,523.5
4221,7,921.9,543.4
4222,15,934.4,573.8
4223,20,952.4,610.2
4224,35,930.9,629.9
4225,1,928.5,637.5
4226,4,963.0,118.5
4227,11,978.0,128.0
4228,215,984.6,151.8
4229,1,966.5,171.5
4230,60,967.0,180.2
4231,85,967.1,202.0
4232,16,971.1,227.4
4233,48,990.3,232.6
4234,167,980.1,260.5
4235,130,985.9,301.4
4236,8,993.1,312.2
4237,22,965.6,339.5
4238,2,977.5,342.0
4239,18,997.7,346.6
4240,13,981.7,354.7
4241,87,996.5,367.0
4242,158,972.0,375.5
4243,11,985.0,399.9
4244,6,972.8,402.7
4245,18,1004.8,419.3
4246,17,992.6,422.9
4247,35,979.9,436.8
4248,5,999.9,453.7
4249,13,973.9,459.1
4250,3,997.2,482.8
4251,52,971.6,497.2
4252,152,998.9,525.6
4253,31,995.9,536.7
4254,1,997.5,548.5
4255,7,996.5,555.2
4256,79,984.7,573.4
4257,61,982.2,591.6
4258,86,1000.4,595.3
4259,80,990.7,636.6
4260,2,963.5,649.0
4261,58,970.0,666.0
4262,99,977.4,690.7
4263,5,1014.3,3.9
4264,153,1047.7,21.5
4265,88,1045.7,32.1
4266,7,1028.5,29.5
4267,141,1036.6,71.3
4268,19,1040.3,158.6
4269,6,1037.5,166.0
4270,34,1037.6,199.6
4271,52,1028.5,215.3
4272,29,1043.6,231.3
4273,4,1011.0,241.0
4274,185,1023.6,261.0
4275,35,1051.3,259.0
4276,15,1040.3,260.0
4277,1,1047.5,273.5
4278,2,1021.5,275.0
4279,33,1018.0,303.5
4280,48,1039.7,317.8
4281,2,1041.0,333.5
4282,18,1021.1,352.4
4283,4,1032.0,351.0
4284,85,1043.6,371.0
4285,37,1027.5,370.8
4286,38,1014.9,374.7
4287,16,1018.0,381.5
4288,3,1052.5,410.5
4289,36,1029.7,425.0
4290,6,1043.7,423.7
4291,16,1023.1,437.2
4292,173,1041.2,475.2
4293,35,1019.1,473.7
4294,8,1026.6,479.6
4295,53,1030.7,494.0
4296,17,1020.0,493.9
4297,6,1011.7,508.8
4298,89,1031.9,522.4
4299,172,1035.6,539.2
4300,8,1029.4,565.0
4301,47,1049.8,572.9
4302,98,1038.2,584.9
4303,110,1024.9,587.3
4304,108,1042.5,601.9
4305,105,1025.7,601.6
4306,90,1030.1,636.3
4307,107,1034.8,652.9
4308,105,1032.1,704.3
4309,22,1091.1,8.8
4310,103,1093.7,18.5
4311,12,1076.3,12.9
4312,90,1093.8,49.2
4313,28,1087.4,65.6
4314,12,1097.0,64.8
4315,9,1093.6,67.6
4316,61,1084.5,73.6
4317,36,1059.6,83.5
4318,39,1069.9,142.0
4319,4,1065.0,140.0
4320,9,1095.1,141.8
4321,6,1093.3,160.8
4322,45,1068.6,173.6
4323,15,1081.4,188.8
4324,29,1060.8,195.6
4325,80,1089.9,202.2
4326,3,1069.8,201.2
4327,35,1075.0,204.2
4328,43,1065.6,211.7
4329,51,1083.6,214.2
4330,17,1085.9,256.1
4331,66,1066.2,268.2
4332,2,1064.5,308.0
4333,39,1086.2,315.3
4334,54,1094.7,318.1
4335,6,1100.5,339.0
4336,32,1063.8,348.7
4337,85,1065.9,364.4
4338,71,1087.9,402.1
4339,46,1094.3,411.2
4340,6,1075.5,413.0
4341,140,1072.7,462.3
4342,131,1097.2,465.2
4343,47,1072.1,478.7
4344,74,1079.1,482.6
4345,18,1090.3,497.2
4346,28,1073.0,512.1
4347,45,1075.5,529.6
4348,45,1093.5,537.0
4349,60,1063.5,538.9
4350,76,1091.9,549.5
4351,71,1094.6,571.8
4352,64,1089.8,590.5
4353,115,1072.2,595.6
4354,51,1069.8,605.0
4355,13,1086.1,604.9
4356,137,1068.7,650.7
4357,106,1061.8,702.9
4358,95,1082.0,704.1
4359,39,1077.7,737.3
4360,10,1085.0,741.5
4361,97,1084.0,764.7
4362,7,1121.5,23.8
4363,6,1141.3,25.8
4364,85,1128.1,126.0
4365,26,1116.0,136.5
4366,71,1124.7,194.3
4367,75,1143.6,200.9
4368,16,1108.4,203.4
4369,51,1134.9,241.7
4370,23,1130.6,258.8
4371,48,1124.3,303.5
4372,53,1118.4,313.7
4373,102,1128.4,323.1
4374,12,1142.8,324.8
4375,17,1111.1,359.4
4376,84,1123.8,413.7
4377,25,1136.6,412.3
4378,30,1118.5,432.6
4379,5,1132.1,434.7
4380,8,1135.2,436.6
4381,57,1111.9,470.0
4382,71,1124.7,476.5
4383,91,1145.6,481.9
4384,44,1131.4,488.6
4385,48,1127.8,494.3
4386,135,1133.5,513.5
4387,57,1134.1,528.5
4388,99,1129.5,538.6
4389,20,1135.3,554.0
4390,84,1124.3,576.9
4391,83,1141.5,576.3
4392,76,1134.0,583.5
4393,105,1113.6,589.1
4394,45,1134.6,592.9
4395,97,1143.8,606.3
4396,98,1133.1,628.4
4397,115,1122.8,648.5
4398,59,1117.5,706.5
4399,4,1160.5,124.0
4400,82,1175.6,130.5
4401,65,1163.7,149.2
4402,20,1188.3,228.1
4403,3,1159.2,242.8
4404,50,1189.6,259.0
4405,23,1185.5,274.3
4406,146,1190.2,298.0
4407,32,1170.0,295.2
4408,5,1155.7,326.7
4409,15,1170.9,332.9
4410,4,1158.0,339.0
4411,124,1186.3,371.1
4412,3,1166.8,370.8
4413,33,1176.2,373.9
4414,42,1190.2,387.4
4415,24,1181.1,397.1
4416,65,1170.0,401.0
4417,27,1189.5,411.4
4418,57,1164.1,415.1
4419,1,1160.5,425.5
4420,3,1176.8,425.8
4421,8,1164.0,429.0
4422,1,1153.5,436.5
4423,1,1186.5,441.5
4424,89,1164.4,463.0
4425,21,1194.9,468.8
4426,58,1194.1,529.9
4427,7,1168.8,537.9
4428,53,1189.9,551.1
4429,57,1160.4,555.7
4430,209,1184.4,572.7
4431,37,1164.4,572.4
4432,179,1179.3,588.4
4433,105,1161.2,609.2
4434,19,1190.1,609.4
4435,1,1191.5,614.5
4436,24,1171.4,662.6
4437,19,1177.3,700.9
4438,11,1171.9,709.0
4439,45,1233.3,120.9
4440,51,1210.3,135.8
4441,5,1245.7,136.1
4442,2,1241.0,137.5
4443,24,1224.2,259.1
4444,1,1213.5,259.5
4445,55,1224.7,271.3
4446,7,1243.1,269.8
4447,5,1243.3,304.9
4448,19,1208.4,329.8
4449,34,1217.2,344.9
4450,4,1228.0,354.0
4451,77,1212.1,362.4
4452,24,1242.1,369.9
4453,8,1232.6,369.6
4454,80,1207.6,379.7
4455,81,1225.1,385.6
4456,3,1210.8,437.8
4457,2,1235.5,456.0
4458,122,1212.1,482.1
4459,56,1241.6,484.3
4460,97,1235.1,492.1
4461,4,1202.0,492.0
4462,210,1225.7,526.4
4463,146,1239.0,528.1
4464,65,1214.6,543.1
4465,33,1209.3,568.9
4466,65,1207.7,630.0
4467,10,1279.3,53.5
4468,16,1262.9,125.7
4469,18,1284.6,134.6
4470,84,1284.9,178.2
4471,20,1257.8,186.4
4472,145,1277.8,210.1
4473,29,1292.4,208.7
4474,105,1268.7,251.4
4475,21,1277.9,250.5
4476,41,1259.7,272.1
4477,1,1282.5,292.5
4478,20,1259.5,300.6
4479,4,1254.0,305.0
4480,14,1279.1,305.8
4481,3,1272.8,305.8
4482,40,1266.2,313.8
4483,25,1280.3,322.5
4484,125,1268.5,348.3
4485,124,1256.6,361.0
4486,128,1272.8,368.6
4487,23,1285.5,372.8
4488,8,1275.0,384.6
4489,10,1272.3,389.5
4490,130,1266.0,404.3
4491,50,1290.0,406.7
4492,142,1258.8,417.8
4493,136,1278.0,418.8
4494,105,1283.9,434.3
4495,159,1280.8,461.5
4496,175,1282.5,490.6
4497,10,1285.5,518.3
4498,2,1260.0,536.5
4499,2,1265.5,545.0
4500,231,1275.1,577.7
4501,243,1267.0,593.5
4502,198,1281.6,627.9
4503,10,1313.0,21.3
4504,9,1328.1,181.6
4505,14,1305.6,194.3
4506,6,1315.5,204.0
4507,5,1303.9,207.7
4508,12,1299.6,209.4
4509,1,1337.5,214.5
4510,9,1303.6,246.2
4511,41,1334.3,251.8
4512,4,1310.0,263.0
4513,18,1333.6,270.2
4514,2,1302.5,307.0
4515,1,1315.5,326.5
4516,101,1320.7,362.5
4517,124,1336.9,370.7
4518,52,1326.8,384.3
4519,58,1327.7,400.7
4520,23,1304.0,406.4
4521,81,1310.9,409.0
4522,65,1329.9,415.3
4523,43,1319.0,420.5
4524,155,1330.4,427.9
4525,3,1304.2,435.8
4526,8,1318.5,469.0
4527,14,1306.9,488.2
4528,61,1333.5,492.0
4529,5,1311.9,496.3
4530,16,1338.4,508.9
4531,7,1313.1,515.2
4532,19,1315.5,519.3
4533,46,1321.9,540.1
4534,66,1334.5,544.7
4535,119,1319.1,568.3
4536,122,1332.3,584.6
4537,88,1306.3,584.9
4538,38,1328.3,599.6
4539,184,1357.8,69.1
4540,20,1387.0,91.0
4541,16,1374.2,102.0
4542,53,1367.7,192.9
4543,74,1377.9,193.7
4544,2,1360.5,226.0
4545,12,1368.3,237.5
4546,23,1359.5,238.8
4547,109,1367.2,257.7
4548,28,1351.6,258.4
4549,4,1347.0,264.0
4550,51,1365.9,268.3
4551,5,1379.3,287.9
4552,61,1358.0,294.2
4553,50,1380.1,300.6
4554,39,1385.7,325.8
4555,67,1369.8,351.4
4556,26,1371.8,364.7
4557,63,1356.3,369.6
4558,48,1372.0,407.8
4559,64,1357.6,409.7
4560,3,1374.2,423.8
4561,75,1379.5,438.5
4562,83,1363.3,440.5
4563,7,1347.4,458.1
4564,385,1358.3,472.0
4565,22,1354.8,511.4
4566,154,1370.6,517.2
4567,97,1351.6,530.4
4568,60,1383.5,532.3
4569,53,1366.8,531.3
4570,16,1365.9,539.1
4571,1,1368.5,542.5
4572,29,1366.5,579.8
4573,3,1419.8,7.2
4574,83,1414.9,17.2
4575,82,1402.1,34.9
4576,81,1420.9,39.7
4577,5,1419.9,90.7
4578,18,1419.6,96.1
4579,75,1409.4,102.4
4580,157,1402.8,132.1
4581,2,1429.0,169.5
4582,46,1398.2,173.3
4583,3,1411.2,213.2
4584,6,1410.0,217.5
4585,32,1431.6,219.8
4586,124,1406.5,239.3
4587,149,1429.4,242.3
4588,99,1409.8,250.4
4589,241,1426.2,265.1
4590,116,1409.6,264.4
4591,3,1397.5,260.5
4592,67,1409.8,287.6
4593,53,1417.2,286.2
4594,14,1426.6,294.8
4595,40,1404.5,315.6
4596,44,1411.6,314.7
4597,44,1430.9,328.9
4598,51,1421.8,356.8
4599,2,1424.0,362.5
4600,1,1429.5,366.5
4601,175,1416.0,376.4
4602,6,1432.5,385.7
4603,4,1425.0,400.0
4604,2,1411.5,402.0
4605,6,1411.2,405.7
4606,25,1431.3,406.5
4607,46,1400.8,410.3
4608,84,1416.4,416.1
4609,195,1401.1,426.3
4610,69,1421.1,428.8
4611,2,1423.0,441.5
4612,108,1401.5,466.4
4613,49,1405.9,475.4
4614,9,1433.5,485.5
4615,29,1403.0,488.6
4616,1,1398.5,488.5
4617,72,1420.7,495.4
4618,226,1431.5,515.7
4619,149,1415.9,518.5
4620,101,1420.0,538.6
4621,119,1400.0,541.7
4622,18,1408.2,549.9
4623,22,1404.7,577.0
4624,158,1428.4,595.2
4625,7,1410.5,606.2
4626,2,1401.0,608.5
4627,10,1407.0,612.0
4628,155,1420.6,865.7
